Product code,Bureau of Meteorology station number,Year,Month,Day,Minimum temperature (Degree C),Days of accumulation of minimum temperature,Quality
IDCJAC0011,85079,1965,01,01,,,
IDCJAC0011,85079,1965,01,02,6.7,1,Y
IDCJAC0011,85079,1965,01,03,5.6,1,Y
IDCJAC0011,85079,1965,01,04,5.0,1,Y
IDCJAC0011,85079,1965,01,05,5.0,1,Y
IDCJAC0011,85079,1965,01,06,7.2,1,Y
IDCJAC0011,85079,1965,01,07,2.2,1,Y
IDCJAC0011,85079,1965,01,08,6.7,1,Y
IDCJAC0011,85079,1965,01,09,10.0,1,Y
IDCJAC0011,85079,1965,01,10,11.7,1,Y
IDCJAC0011,85079,1965,01,11,4.4,1,Y
IDCJAC0011,85079,1965,01,12,5.3,1,Y
IDCJAC0011,85079,1965,01,13,6.1,1,Y
IDCJAC0011,85079,1965,01,14,6.7,1,Y
IDCJAC0011,85079,1965,01,15,7.8,1,Y
IDCJAC0011,85079,1965,01,16,13.9,1,Y
IDCJAC0011,85079,1965,01,17,16.1,1,Y
IDCJAC0011,85079,1965,01,18,11.7,1,Y
IDCJAC0011,85079,1965,01,19,7.5,1,Y
IDCJAC0011,85079,1965,01,20,5.0,1,Y
IDCJAC0011,85079,1965,01,21,3.9,1,Y
IDCJAC0011,85079,1965,01,22,7.8,1,Y
IDCJAC0011,85079,1965,01,23,3.3,1,Y
IDCJAC0011,85079,1965,01,24,7.2,1,Y
IDCJAC0011,85079,1965,01,25,5.6,1,Y
IDCJAC0011,85079,1965,01,26,3.1,1,Y
IDCJAC0011,85079,1965,01,27,6.1,1,Y
IDCJAC0011,85079,1965,01,28,5.3,1,Y
IDCJAC0011,85079,1965,01,29,11.1,1,Y
IDCJAC0011,85079,1965,01,30,10.0,1,Y
IDCJAC0011,85079,1965,01,31,5.0,1,Y
IDCJAC0011,85079,1965,02,01,5.6,1,Y
IDCJAC0011,85079,1965,02,02,11.1,1,Y
IDCJAC0011,85079,1965,02,03,14.4,1,Y
IDCJAC0011,85079,1965,02,04,4.4,1,Y
IDCJAC0011,85079,1965,02,05,4.4,1,Y
IDCJAC0011,85079,1965,02,06,12.5,1,Y
IDCJAC0011,85079,1965,02,07,13.3,1,Y
IDCJAC0011,85079,1965,02,08,14.2,1,Y
IDCJAC0011,85079,1965,02,09,10.8,1,Y
IDCJAC0011,85079,1965,02,10,5.6,1,Y
IDCJAC0011,85079,1965,02,11,4.4,1,Y
IDCJAC0011,85079,1965,02,12,5.6,1,Y
IDCJAC0011,85079,1965,02,13,4.4,1,Y
IDCJAC0011,85079,1965,02,14,10.0,1,Y
IDCJAC0011,85079,1965,02,15,13.3,1,Y
IDCJAC0011,85079,1965,02,16,16.1,1,Y
IDCJAC0011,85079,1965,02,17,9.2,1,Y
IDCJAC0011,85079,1965,02,18,10.3,1,Y
IDCJAC0011,85079,1965,02,19,10.8,1,Y
IDCJAC0011,85079,1965,02,20,12.8,1,Y
IDCJAC0011,85079,1965,02,21,13.9,1,Y
IDCJAC0011,85079,1965,02,22,15.3,1,Y
IDCJAC0011,85079,1965,02,23,3.9,1,Y
IDCJAC0011,85079,1965,02,24,9.4,1,Y
IDCJAC0011,85079,1965,02,25,8.9,1,Y
IDCJAC0011,85079,1965,02,26,6.1,1,Y
IDCJAC0011,85079,1965,02,27,9.4,1,Y
IDCJAC0011,85079,1965,02,28,6.7,1,Y
IDCJAC0011,85079,1965,03,01,10.8,1,Y
IDCJAC0011,85079,1965,03,02,13.9,1,Y
IDCJAC0011,85079,1965,03,03,15.0,1,Y
IDCJAC0011,85079,1965,03,04,7.8,1,Y
IDCJAC0011,85079,1965,03,05,8.3,1,Y
IDCJAC0011,85079,1965,03,06,20.0,1,Y
IDCJAC0011,85079,1965,03,07,5.3,1,Y
IDCJAC0011,85079,1965,03,08,9.2,1,Y
IDCJAC0011,85079,1965,03,09,4.4,1,Y
IDCJAC0011,85079,1965,03,10,3.6,1,Y
IDCJAC0011,85079,1965,03,11,12.2,1,Y
IDCJAC0011,85079,1965,03,12,10.0,1,Y
IDCJAC0011,85079,1965,03,13,4.4,1,Y
IDCJAC0011,85079,1965,03,14,3.3,1,Y
IDCJAC0011,85079,1965,03,15,4.2,1,Y
IDCJAC0011,85079,1965,03,16,5.8,1,Y
IDCJAC0011,85079,1965,03,17,11.1,1,Y
IDCJAC0011,85079,1965,03,18,15.0,1,Y
IDCJAC0011,85079,1965,03,19,9.7,1,Y
IDCJAC0011,85079,1965,03,20,7.8,1,Y
IDCJAC0011,85079,1965,03,21,4.4,1,Y
IDCJAC0011,85079,1965,03,22,4.4,1,Y
IDCJAC0011,85079,1965,03,23,7.2,1,Y
IDCJAC0011,85079,1965,03,24,6.7,1,Y
IDCJAC0011,85079,1965,03,25,1.1,1,Y
IDCJAC0011,85079,1965,03,26,3.6,1,Y
IDCJAC0011,85079,1965,03,27,7.2,1,Y
IDCJAC0011,85079,1965,03,28,12.2,1,Y
IDCJAC0011,85079,1965,03,29,1.9,1,Y
IDCJAC0011,85079,1965,03,30,5.0,1,Y
IDCJAC0011,85079,1965,03,31,5.6,1,Y
IDCJAC0011,85079,1965,04,01,5.0,1,Y
IDCJAC0011,85079,1965,04,02,6.1,1,Y
IDCJAC0011,85079,1965,04,03,2.2,1,Y
IDCJAC0011,85079,1965,04,04,7.2,1,Y
IDCJAC0011,85079,1965,04,05,2.2,1,Y
IDCJAC0011,85079,1965,04,06,3.9,1,Y
IDCJAC0011,85079,1965,04,07,5.3,1,Y
IDCJAC0011,85079,1965,04,08,5.0,1,Y
IDCJAC0011,85079,1965,04,09,7.2,1,Y
IDCJAC0011,85079,1965,04,10,7.2,1,Y
IDCJAC0011,85079,1965,04,11,5.6,1,Y
IDCJAC0011,85079,1965,04,12,4.7,1,Y
IDCJAC0011,85079,1965,04,13,2.8,1,Y
IDCJAC0011,85079,1965,04,14,2.8,1,Y
IDCJAC0011,85079,1965,04,15,9.4,1,Y
IDCJAC0011,85079,1965,04,16,3.9,1,Y
IDCJAC0011,85079,1965,04,17,5.0,1,Y
IDCJAC0011,85079,1965,04,18,1.9,1,Y
IDCJAC0011,85079,1965,04,19,2.2,1,Y
IDCJAC0011,85079,1965,04,20,2.8,1,Y
IDCJAC0011,85079,1965,04,21,5.0,1,Y
IDCJAC0011,85079,1965,04,22,5.6,1,Y
IDCJAC0011,85079,1965,04,23,5.6,1,Y
IDCJAC0011,85079,1965,04,24,3.9,1,Y
IDCJAC0011,85079,1965,04,25,1.4,1,Y
IDCJAC0011,85079,1965,04,26,1.1,1,Y
IDCJAC0011,85079,1965,04,27,-1.1,1,Y
IDCJAC0011,85079,1965,04,28,1.4,1,Y
IDCJAC0011,85079,1965,04,29,2.2,1,Y
IDCJAC0011,85079,1965,04,30,2.2,1,Y
IDCJAC0011,85079,1965,05,01,2.8,1,Y
IDCJAC0011,85079,1965,05,02,3.6,1,Y
IDCJAC0011,85079,1965,05,03,5.3,1,Y
IDCJAC0011,85079,1965,05,04,6.9,1,Y
IDCJAC0011,85079,1965,05,05,7.8,1,Y
IDCJAC0011,85079,1965,05,06,5.0,1,Y
IDCJAC0011,85079,1965,05,07,6.4,1,Y
IDCJAC0011,85079,1965,05,08,10.3,1,Y
IDCJAC0011,85079,1965,05,09,11.1,1,Y
IDCJAC0011,85079,1965,05,10,10.6,1,Y
IDCJAC0011,85079,1965,05,11,11.1,1,Y
IDCJAC0011,85079,1965,05,12,6.7,1,Y
IDCJAC0011,85079,1965,05,13,7.8,1,Y
IDCJAC0011,85079,1965,05,14,3.3,1,Y
IDCJAC0011,85079,1965,05,15,3.3,1,Y
IDCJAC0011,85079,1965,05,16,2.5,1,Y
IDCJAC0011,85079,1965,05,17,2.5,1,Y
IDCJAC0011,85079,1965,05,18,3.9,1,Y
IDCJAC0011,85079,1965,05,19,2.8,1,Y
IDCJAC0011,85079,1965,05,20,3.3,1,Y
IDCJAC0011,85079,1965,05,21,4.4,1,Y
IDCJAC0011,85079,1965,05,22,5.0,1,Y
IDCJAC0011,85079,1965,05,23,4.4,1,Y
IDCJAC0011,85079,1965,05,24,1.4,1,Y
IDCJAC0011,85079,1965,05,25,3.3,1,Y
IDCJAC0011,85079,1965,05,26,5.6,1,Y
IDCJAC0011,85079,1965,05,27,2.8,1,Y
IDCJAC0011,85079,1965,05,28,5.3,1,Y
IDCJAC0011,85079,1965,05,29,0.0,1,Y
IDCJAC0011,85079,1965,05,30,1.1,1,Y
IDCJAC0011,85079,1965,05,31,4.4,1,Y
IDCJAC0011,85079,1965,06,01,4.4,1,Y
IDCJAC0011,85079,1965,06,02,7.2,1,Y
IDCJAC0011,85079,1965,06,03,3.3,1,Y
IDCJAC0011,85079,1965,06,04,4.4,1,Y
IDCJAC0011,85079,1965,06,05,7.2,1,Y
IDCJAC0011,85079,1965,06,06,6.1,1,Y
IDCJAC0011,85079,1965,06,07,6.9,1,Y
IDCJAC0011,85079,1965,06,08,7.2,1,Y
IDCJAC0011,85079,1965,06,09,5.0,1,Y
IDCJAC0011,85079,1965,06,10,2.2,1,Y
IDCJAC0011,85079,1965,06,11,2.5,1,Y
IDCJAC0011,85079,1965,06,12,3.9,1,Y
IDCJAC0011,85079,1965,06,13,1.1,1,Y
IDCJAC0011,85079,1965,06,14,1.7,1,Y
IDCJAC0011,85079,1965,06,15,2.2,1,Y
IDCJAC0011,85079,1965,06,16,4.2,1,Y
IDCJAC0011,85079,1965,06,17,5.3,1,Y
IDCJAC0011,85079,1965,06,18,6.4,1,Y
IDCJAC0011,85079,1965,06,19,1.7,1,Y
IDCJAC0011,85079,1965,06,20,3.3,1,Y
IDCJAC0011,85079,1965,06,21,4.2,1,Y
IDCJAC0011,85079,1965,06,22,-0.3,1,Y
IDCJAC0011,85079,1965,06,23,-0.8,1,Y
IDCJAC0011,85079,1965,06,24,-1.1,1,Y
IDCJAC0011,85079,1965,06,25,-2.5,1,Y
IDCJAC0011,85079,1965,06,26,-1.9,1,Y
IDCJAC0011,85079,1965,06,27,0.0,1,Y
IDCJAC0011,85079,1965,06,28,0.3,1,Y
IDCJAC0011,85079,1965,06,29,0.8,1,Y
IDCJAC0011,85079,1965,06,30,2.5,1,Y
IDCJAC0011,85079,1965,07,01,5.8,1,Y
IDCJAC0011,85079,1965,07,02,3.9,1,Y
IDCJAC0011,85079,1965,07,03,5.6,1,Y
IDCJAC0011,85079,1965,07,04,5.0,1,Y
IDCJAC0011,85079,1965,07,05,4.4,1,Y
IDCJAC0011,85079,1965,07,06,2.2,1,Y
IDCJAC0011,85079,1965,07,07,5.0,1,Y
IDCJAC0011,85079,1965,07,08,2.8,1,Y
IDCJAC0011,85079,1965,07,09,-1.7,1,Y
IDCJAC0011,85079,1965,07,10,-1.7,1,Y
IDCJAC0011,85079,1965,07,11,0.0,1,Y
IDCJAC0011,85079,1965,07,12,-0.6,1,Y
IDCJAC0011,85079,1965,07,13,0.0,1,Y
IDCJAC0011,85079,1965,07,14,-0.6,1,Y
IDCJAC0011,85079,1965,07,15,2.8,1,Y
IDCJAC0011,85079,1965,07,16,4.2,1,Y
IDCJAC0011,85079,1965,07,17,-0.6,1,Y
IDCJAC0011,85079,1965,07,18,-0.8,1,Y
IDCJAC0011,85079,1965,07,19,-2.2,1,Y
IDCJAC0011,85079,1965,07,20,0.0,1,Y
IDCJAC0011,85079,1965,07,21,2.8,1,Y
IDCJAC0011,85079,1965,07,22,3.6,1,Y
IDCJAC0011,85079,1965,07,23,1.1,1,Y
IDCJAC0011,85079,1965,07,24,1.7,1,Y
IDCJAC0011,85079,1965,07,25,1.1,1,Y
IDCJAC0011,85079,1965,07,26,2.5,1,Y
IDCJAC0011,85079,1965,07,27,2.2,1,Y
IDCJAC0011,85079,1965,07,28,-1.1,1,Y
IDCJAC0011,85079,1965,07,29,0.3,1,Y
IDCJAC0011,85079,1965,07,30,-1.9,1,Y
IDCJAC0011,85079,1965,07,31,-1.7,1,Y
IDCJAC0011,85079,1965,08,01,0.0,1,Y
IDCJAC0011,85079,1965,08,02,4.4,1,Y
IDCJAC0011,85079,1965,08,03,5.0,1,Y
IDCJAC0011,85079,1965,08,04,5.3,1,Y
IDCJAC0011,85079,1965,08,05,2.8,1,Y
IDCJAC0011,85079,1965,08,06,1.4,1,Y
IDCJAC0011,85079,1965,08,07,-0.6,1,Y
IDCJAC0011,85079,1965,08,08,3.3,1,Y
IDCJAC0011,85079,1965,08,09,1.7,1,Y
IDCJAC0011,85079,1965,08,10,-2.2,1,Y
IDCJAC0011,85079,1965,08,11,-0.6,1,Y
IDCJAC0011,85079,1965,08,12,3.3,1,Y
IDCJAC0011,85079,1965,08,13,6.7,1,Y
IDCJAC0011,85079,1965,08,14,4.7,1,Y
IDCJAC0011,85079,1965,08,15,6.1,1,Y
IDCJAC0011,85079,1965,08,16,5.8,1,Y
IDCJAC0011,85079,1965,08,17,2.9,1,Y
IDCJAC0011,85079,1965,08,18,1.4,1,Y
IDCJAC0011,85079,1965,08,19,3.1,1,Y
IDCJAC0011,85079,1965,08,20,3.4,1,Y
IDCJAC0011,85079,1965,08,21,2.8,1,Y
IDCJAC0011,85079,1965,08,22,0.0,1,Y
IDCJAC0011,85079,1965,08,23,2.2,1,Y
IDCJAC0011,85079,1965,08,24,2.2,1,Y
IDCJAC0011,85079,1965,08,25,5.0,1,Y
IDCJAC0011,85079,1965,08,26,6.4,1,Y
IDCJAC0011,85079,1965,08,27,5.6,1,Y
IDCJAC0011,85079,1965,08,28,4.2,1,Y
IDCJAC0011,85079,1965,08,29,3.9,1,Y
IDCJAC0011,85079,1965,08,30,3.3,1,Y
IDCJAC0011,85079,1965,08,31,4.2,1,Y
IDCJAC0011,85079,1965,09,01,7.8,1,Y
IDCJAC0011,85079,1965,09,02,3.3,1,Y
IDCJAC0011,85079,1965,09,03,0.6,1,Y
IDCJAC0011,85079,1965,09,04,6.9,1,Y
IDCJAC0011,85079,1965,09,05,9.7,1,Y
IDCJAC0011,85079,1965,09,06,3.6,1,Y
IDCJAC0011,85079,1965,09,07,2.8,1,Y
IDCJAC0011,85079,1965,09,08,5.8,1,Y
IDCJAC0011,85079,1965,09,09,2.2,1,Y
IDCJAC0011,85079,1965,09,10,0.6,1,Y
IDCJAC0011,85079,1965,09,11,0.8,1,Y
IDCJAC0011,85079,1965,09,12,5.0,1,Y
IDCJAC0011,85079,1965,09,13,3.3,1,Y
IDCJAC0011,85079,1965,09,14,-1.7,1,Y
IDCJAC0011,85079,1965,09,15,3.6,1,Y
IDCJAC0011,85079,1965,09,16,1.9,1,Y
IDCJAC0011,85079,1965,09,17,2.3,1,Y
IDCJAC0011,85079,1965,09,18,2.8,1,Y
IDCJAC0011,85079,1965,09,19,3.9,1,Y
IDCJAC0011,85079,1965,09,20,1.9,1,Y
IDCJAC0011,85079,1965,09,21,9.2,1,Y
IDCJAC0011,85079,1965,09,22,1.9,1,Y
IDCJAC0011,85079,1965,09,23,8.1,1,Y
IDCJAC0011,85079,1965,09,24,8.9,1,Y
IDCJAC0011,85079,1965,09,25,2.8,1,Y
IDCJAC0011,85079,1965,09,26,11.1,1,Y
IDCJAC0011,85079,1965,09,27,6.7,1,Y
IDCJAC0011,85079,1965,09,28,4.4,1,Y
IDCJAC0011,85079,1965,09,29,6.9,1,Y
IDCJAC0011,85079,1965,09,30,5.8,1,Y
IDCJAC0011,85079,1965,10,01,2.5,1,Y
IDCJAC0011,85079,1965,10,02,0.8,1,Y
IDCJAC0011,85079,1965,10,03,3.1,1,Y
IDCJAC0011,85079,1965,10,04,4.4,1,Y
IDCJAC0011,85079,1965,10,05,1.1,1,Y
IDCJAC0011,85079,1965,10,06,3.9,1,Y
IDCJAC0011,85079,1965,10,07,8.3,1,Y
IDCJAC0011,85079,1965,10,08,15.0,1,Y
IDCJAC0011,85079,1965,10,09,3.6,1,Y
IDCJAC0011,85079,1965,10,10,0.0,1,Y
IDCJAC0011,85079,1965,10,11,4.4,1,Y
IDCJAC0011,85079,1965,10,12,0.8,1,Y
IDCJAC0011,85079,1965,10,13,7.2,1,Y
IDCJAC0011,85079,1965,10,14,10.3,1,Y
IDCJAC0011,85079,1965,10,15,8.3,1,Y
IDCJAC0011,85079,1965,10,16,2.2,1,Y
IDCJAC0011,85079,1965,10,17,3.9,1,Y
IDCJAC0011,85079,1965,10,18,5.3,1,Y
IDCJAC0011,85079,1965,10,19,6.1,1,Y
IDCJAC0011,85079,1965,10,20,1.9,1,Y
IDCJAC0011,85079,1965,10,21,3.1,1,Y
IDCJAC0011,85079,1965,10,22,11.7,1,Y
IDCJAC0011,85079,1965,10,23,15.6,1,Y
IDCJAC0011,85079,1965,10,24,13.9,1,Y
IDCJAC0011,85079,1965,10,25,11.1,1,Y
IDCJAC0011,85079,1965,10,26,8.9,1,Y
IDCJAC0011,85079,1965,10,27,5.0,1,Y
IDCJAC0011,85079,1965,10,28,5.3,1,Y
IDCJAC0011,85079,1965,10,29,10.7,1,Y
IDCJAC0011,85079,1965,10,30,11.9,1,Y
IDCJAC0011,85079,1965,10,31,8.1,1,Y
IDCJAC0011,85079,1965,11,01,0.8,1,Y
IDCJAC0011,85079,1965,11,02,5.2,1,Y
IDCJAC0011,85079,1965,11,03,8.9,1,Y
IDCJAC0011,85079,1965,11,04,5.8,1,Y
IDCJAC0011,85079,1965,11,05,8.1,1,Y
IDCJAC0011,85079,1965,11,06,5.6,1,Y
IDCJAC0011,85079,1965,11,07,5.0,1,Y
IDCJAC0011,85079,1965,11,08,6.1,1,Y
IDCJAC0011,85079,1965,11,09,11.7,1,Y
IDCJAC0011,85079,1965,11,10,1.7,1,Y
IDCJAC0011,85079,1965,11,11,0.6,1,Y
IDCJAC0011,85079,1965,11,12,0.6,1,Y
IDCJAC0011,85079,1965,11,13,3.1,1,Y
IDCJAC0011,85079,1965,11,14,4.2,1,Y
IDCJAC0011,85079,1965,11,15,12.2,1,Y
IDCJAC0011,85079,1965,11,16,5.0,1,Y
IDCJAC0011,85079,1965,11,17,0.2,1,Y
IDCJAC0011,85079,1965,11,18,3.9,1,Y
IDCJAC0011,85079,1965,11,19,3.9,1,Y
IDCJAC0011,85079,1965,11,20,11.8,1,Y
IDCJAC0011,85079,1965,11,21,8.1,1,Y
IDCJAC0011,85079,1965,11,22,4.4,1,Y
IDCJAC0011,85079,1965,11,23,6.4,1,Y
IDCJAC0011,85079,1965,11,24,12.5,1,Y
IDCJAC0011,85079,1965,11,25,2.8,1,Y
IDCJAC0011,85079,1965,11,26,2.8,1,Y
IDCJAC0011,85079,1965,11,27,5.6,1,Y
IDCJAC0011,85079,1965,11,28,3.6,1,Y
IDCJAC0011,85079,1965,11,29,6.4,1,Y
IDCJAC0011,85079,1965,11,30,11.9,1,Y
IDCJAC0011,85079,1965,12,01,12.2,1,Y
IDCJAC0011,85079,1965,12,02,13.1,1,Y
IDCJAC0011,85079,1965,12,03,12.9,1,Y
IDCJAC0011,85079,1965,12,04,12.8,1,Y
IDCJAC0011,85079,1965,12,05,10.0,1,Y
IDCJAC0011,85079,1965,12,06,9.7,1,Y
IDCJAC0011,85079,1965,12,07,18.9,1,Y
IDCJAC0011,85079,1965,12,08,11.4,1,Y
IDCJAC0011,85079,1965,12,09,8.1,1,Y
IDCJAC0011,85079,1965,12,10,10.6,1,Y
IDCJAC0011,85079,1965,12,11,7.8,1,Y
IDCJAC0011,85079,1965,12,12,11.9,1,Y
IDCJAC0011,85079,1965,12,13,16.3,1,Y
IDCJAC0011,85079,1965,12,14,11.1,1,Y
IDCJAC0011,85079,1965,12,15,6.9,1,Y
IDCJAC0011,85079,1965,12,16,2.8,1,Y
IDCJAC0011,85079,1965,12,17,5.0,1,Y
IDCJAC0011,85079,1965,12,18,5.1,1,Y
IDCJAC0011,85079,1965,12,19,2.4,1,Y
IDCJAC0011,85079,1965,12,20,9.2,1,Y
IDCJAC0011,85079,1965,12,21,13.3,1,Y
IDCJAC0011,85079,1965,12,22,13.1,1,Y
IDCJAC0011,85079,1965,12,23,15.3,1,Y
IDCJAC0011,85079,1965,12,24,13.6,1,Y
IDCJAC0011,85079,1965,12,25,10.6,1,Y
IDCJAC0011,85079,1965,12,26,7.2,1,Y
IDCJAC0011,85079,1965,12,27,3.1,1,Y
IDCJAC0011,85079,1965,12,28,10.0,1,Y
IDCJAC0011,85079,1965,12,29,6.7,1,Y
IDCJAC0011,85079,1965,12,30,14.6,1,Y
IDCJAC0011,85079,1965,12,31,8.9,1,Y
IDCJAC0011,85079,1966,01,01,6.7,1,Y
IDCJAC0011,85079,1966,01,02,6.7,1,Y
IDCJAC0011,85079,1966,01,03,7.5,1,Y
IDCJAC0011,85079,1966,01,04,9.1,1,Y
IDCJAC0011,85079,1966,01,05,5.7,1,Y
IDCJAC0011,85079,1966,01,06,4.4,1,Y
IDCJAC0011,85079,1966,01,07,8.6,1,Y
IDCJAC0011,85079,1966,01,08,10.3,1,Y
IDCJAC0011,85079,1966,01,09,11.1,1,Y
IDCJAC0011,85079,1966,01,10,15.6,1,Y
IDCJAC0011,85079,1966,01,11,12.5,1,Y
IDCJAC0011,85079,1966,01,12,18.3,1,Y
IDCJAC0011,85079,1966,01,13,8.9,1,Y
IDCJAC0011,85079,1966,01,14,8.3,1,Y
IDCJAC0011,85079,1966,01,15,17.5,1,Y
IDCJAC0011,85079,1966,01,16,9.2,1,Y
IDCJAC0011,85079,1966,01,17,8.7,1,Y
IDCJAC0011,85079,1966,01,18,4.2,1,Y
IDCJAC0011,85079,1966,01,19,6.1,1,Y
IDCJAC0011,85079,1966,01,20,6.7,1,Y
IDCJAC0011,85079,1966,01,21,5.8,1,Y
IDCJAC0011,85079,1966,01,22,10.6,1,Y
IDCJAC0011,85079,1966,01,23,8.9,1,Y
IDCJAC0011,85079,1966,01,24,7.2,1,Y
IDCJAC0011,85079,1966,01,25,14.7,1,Y
IDCJAC0011,85079,1966,01,26,15.8,1,Y
IDCJAC0011,85079,1966,01,27,18.6,1,Y
IDCJAC0011,85079,1966,01,28,14.4,1,Y
IDCJAC0011,85079,1966,01,29,12.8,1,Y
IDCJAC0011,85079,1966,01,30,7.8,1,Y
IDCJAC0011,85079,1966,01,31,5.6,1,Y
IDCJAC0011,85079,1966,02,01,7.2,1,Y
IDCJAC0011,85079,1966,02,02,11.4,1,Y
IDCJAC0011,85079,1966,02,03,8.3,1,Y
IDCJAC0011,85079,1966,02,04,11.1,1,Y
IDCJAC0011,85079,1966,02,05,5.8,1,Y
IDCJAC0011,85079,1966,02,06,4.4,1,Y
IDCJAC0011,85079,1966,02,07,8.3,1,Y
IDCJAC0011,85079,1966,02,08,9.1,1,Y
IDCJAC0011,85079,1966,02,09,8.5,1,Y
IDCJAC0011,85079,1966,02,10,11.4,1,Y
IDCJAC0011,85079,1966,02,11,8.1,1,Y
IDCJAC0011,85079,1966,02,12,8.1,1,Y
IDCJAC0011,85079,1966,02,13,10.6,1,Y
IDCJAC0011,85079,1966,02,14,13.3,1,Y
IDCJAC0011,85079,1966,02,15,13.9,1,Y
IDCJAC0011,85079,1966,02,16,9.2,1,Y
IDCJAC0011,85079,1966,02,17,5.6,1,Y
IDCJAC0011,85079,1966,02,18,9.7,1,Y
IDCJAC0011,85079,1966,02,19,8.3,1,Y
IDCJAC0011,85079,1966,02,20,12.5,1,Y
IDCJAC0011,85079,1966,02,21,9.4,1,Y
IDCJAC0011,85079,1966,02,22,8.9,1,Y
IDCJAC0011,85079,1966,02,23,13.3,1,Y
IDCJAC0011,85079,1966,02,24,8.3,1,Y
IDCJAC0011,85079,1966,02,25,0.0,1,Y
IDCJAC0011,85079,1966,02,26,6.7,1,Y
IDCJAC0011,85079,1966,02,27,9.4,1,Y
IDCJAC0011,85079,1966,02,28,6.7,1,Y
IDCJAC0011,85079,1966,03,01,8.1,1,Y
IDCJAC0011,85079,1966,03,02,7.2,1,Y
IDCJAC0011,85079,1966,03,03,3.3,1,Y
IDCJAC0011,85079,1966,03,04,9.7,1,Y
IDCJAC0011,85079,1966,03,05,12.0,1,Y
IDCJAC0011,85079,1966,03,06,13.9,1,Y
IDCJAC0011,85079,1966,03,07,15.0,1,Y
IDCJAC0011,85079,1966,03,08,16.4,1,Y
IDCJAC0011,85079,1966,03,09,12.2,1,Y
IDCJAC0011,85079,1966,03,10,7.6,1,Y
IDCJAC0011,85079,1966,03,11,9.4,1,Y
IDCJAC0011,85079,1966,03,12,15.0,1,Y
IDCJAC0011,85079,1966,03,13,6.9,1,Y
IDCJAC0011,85079,1966,03,14,6.9,1,Y
IDCJAC0011,85079,1966,03,15,12.2,1,Y
IDCJAC0011,85079,1966,03,16,11.4,1,Y
IDCJAC0011,85079,1966,03,17,8.9,1,Y
IDCJAC0011,85079,1966,03,18,10.3,1,Y
IDCJAC0011,85079,1966,03,19,10.2,1,Y
IDCJAC0011,85079,1966,03,20,11.1,1,Y
IDCJAC0011,85079,1966,03,21,11.1,1,Y
IDCJAC0011,85079,1966,03,22,7.2,1,Y
IDCJAC0011,85079,1966,03,23,9.2,1,Y
IDCJAC0011,85079,1966,03,24,7.2,1,Y
IDCJAC0011,85079,1966,03,25,8.1,1,Y
IDCJAC0011,85079,1966,03,26,4.4,1,Y
IDCJAC0011,85079,1966,03,27,3.3,1,Y
IDCJAC0011,85079,1966,03,28,7.2,1,Y
IDCJAC0011,85079,1966,03,29,2.5,1,Y
IDCJAC0011,85079,1966,03,30,5.0,1,Y
IDCJAC0011,85079,1966,03,31,5.6,1,Y
IDCJAC0011,85079,1966,04,01,7.8,1,Y
IDCJAC0011,85079,1966,04,02,8.9,1,Y
IDCJAC0011,85079,1966,04,03,10.0,1,Y
IDCJAC0011,85079,1966,04,04,5.6,1,Y
IDCJAC0011,85079,1966,04,05,4.4,1,Y
IDCJAC0011,85079,1966,04,06,7.9,1,Y
IDCJAC0011,85079,1966,04,07,3.6,1,Y
IDCJAC0011,85079,1966,04,08,3.3,1,Y
IDCJAC0011,85079,1966,04,09,1.9,1,Y
IDCJAC0011,85079,1966,04,10,5.6,1,Y
IDCJAC0011,85079,1966,04,11,6.1,1,Y
IDCJAC0011,85079,1966,04,12,10.8,1,Y
IDCJAC0011,85079,1966,04,13,16.4,1,Y
IDCJAC0011,85079,1966,04,14,2.5,1,Y
IDCJAC0011,85079,1966,04,15,5.0,1,Y
IDCJAC0011,85079,1966,04,16,2.8,1,Y
IDCJAC0011,85079,1966,04,17,4.2,1,Y
IDCJAC0011,85079,1966,04,18,5.8,1,Y
IDCJAC0011,85079,1966,04,19,3.5,1,Y
IDCJAC0011,85079,1966,04,20,8.1,1,Y
IDCJAC0011,85079,1966,04,21,13.3,1,Y
IDCJAC0011,85079,1966,04,22,5.6,1,Y
IDCJAC0011,85079,1966,04,23,3.9,1,Y
IDCJAC0011,85079,1966,04,24,-0.8,1,Y
IDCJAC0011,85079,1966,04,25,1.1,1,Y
IDCJAC0011,85079,1966,04,26,2.0,1,Y
IDCJAC0011,85079,1966,04,27,3.4,1,Y
IDCJAC0011,85079,1966,04,28,3.9,1,Y
IDCJAC0011,85079,1966,04,29,5.6,1,Y
IDCJAC0011,85079,1966,04,30,0.6,1,Y
IDCJAC0011,85079,1966,05,01,2.2,1,Y
IDCJAC0011,85079,1966,05,02,1.9,1,Y
IDCJAC0011,85079,1966,05,03,6.7,1,Y
IDCJAC0011,85079,1966,05,04,10.6,1,Y
IDCJAC0011,85079,1966,05,05,6.9,1,Y
IDCJAC0011,85079,1966,05,06,1.9,1,Y
IDCJAC0011,85079,1966,05,07,5.3,1,Y
IDCJAC0011,85079,1966,05,08,4.4,1,Y
IDCJAC0011,85079,1966,05,09,5.2,1,Y
IDCJAC0011,85079,1966,05,10,4.4,1,Y
IDCJAC0011,85079,1966,05,11,3.9,1,Y
IDCJAC0011,85079,1966,05,12,3.9,1,Y
IDCJAC0011,85079,1966,05,13,6.9,1,Y
IDCJAC0011,85079,1966,05,14,4.4,1,Y
IDCJAC0011,85079,1966,05,15,7.8,1,Y
IDCJAC0011,85079,1966,05,16,3.6,1,Y
IDCJAC0011,85079,1966,05,17,0.6,1,Y
IDCJAC0011,85079,1966,05,18,7.2,1,Y
IDCJAC0011,85079,1966,05,19,7.2,1,Y
IDCJAC0011,85079,1966,05,20,1.7,1,Y
IDCJAC0011,85079,1966,05,21,1.7,1,Y
IDCJAC0011,85079,1966,05,22,2.8,1,Y
IDCJAC0011,85079,1966,05,23,1.8,1,Y
IDCJAC0011,85079,1966,05,24,1.9,1,Y
IDCJAC0011,85079,1966,05,25,2.2,1,Y
IDCJAC0011,85079,1966,05,26,5.3,1,Y
IDCJAC0011,85079,1966,05,27,6.8,1,Y
IDCJAC0011,85079,1966,05,28,6.1,1,Y
IDCJAC0011,85079,1966,05,29,2.9,1,Y
IDCJAC0011,85079,1966,05,30,5.3,1,Y
IDCJAC0011,85079,1966,05,31,9.4,1,Y
IDCJAC0011,85079,1966,06,01,6.1,1,Y
IDCJAC0011,85079,1966,06,02,3.3,1,Y
IDCJAC0011,85079,1966,06,03,0.3,1,Y
IDCJAC0011,85079,1966,06,04,1.7,1,Y
IDCJAC0011,85079,1966,06,05,-2.2,1,Y
IDCJAC0011,85079,1966,06,06,-3.1,1,Y
IDCJAC0011,85079,1966,06,07,-2.8,1,Y
IDCJAC0011,85079,1966,06,08,-0.3,1,Y
IDCJAC0011,85079,1966,06,09,2.8,1,Y
IDCJAC0011,85079,1966,06,10,3.3,1,Y
IDCJAC0011,85079,1966,06,11,1.7,1,Y
IDCJAC0011,85079,1966,06,12,-0.3,1,Y
IDCJAC0011,85079,1966,06,13,0.6,1,Y
IDCJAC0011,85079,1966,06,14,3.7,1,Y
IDCJAC0011,85079,1966,06,15,7.2,1,Y
IDCJAC0011,85079,1966,06,16,3.6,1,Y
IDCJAC0011,85079,1966,06,17,3.1,1,Y
IDCJAC0011,85079,1966,06,18,3.9,1,Y
IDCJAC0011,85079,1966,06,19,7.4,1,Y
IDCJAC0011,85079,1966,06,20,1.1,1,Y
IDCJAC0011,85079,1966,06,21,1.1,1,Y
IDCJAC0011,85079,1966,06,22,1.7,1,Y
IDCJAC0011,85079,1966,06,23,1.8,1,Y
IDCJAC0011,85079,1966,06,24,-1.5,1,Y
IDCJAC0011,85079,1966,06,25,-0.9,1,Y
IDCJAC0011,85079,1966,06,26,4.0,1,Y
IDCJAC0011,85079,1966,06,27,0.6,1,Y
IDCJAC0011,85079,1966,06,28,0.6,1,Y
IDCJAC0011,85079,1966,06,29,-1.1,1,Y
IDCJAC0011,85079,1966,06,30,-0.6,1,Y
IDCJAC0011,85079,1966,07,01,10.2,1,Y
IDCJAC0011,85079,1966,07,02,7.2,1,Y
IDCJAC0011,85079,1966,07,03,3.5,1,Y
IDCJAC0011,85079,1966,07,04,2.3,1,Y
IDCJAC0011,85079,1966,07,05,4.4,1,Y
IDCJAC0011,85079,1966,07,06,3.1,1,Y
IDCJAC0011,85079,1966,07,07,1.4,1,Y
IDCJAC0011,85079,1966,07,08,-2.2,1,Y
IDCJAC0011,85079,1966,07,09,-1.7,1,Y
IDCJAC0011,85079,1966,07,10,1.7,1,Y
IDCJAC0011,85079,1966,07,11,0.0,1,Y
IDCJAC0011,85079,1966,07,12,0.6,1,Y
IDCJAC0011,85079,1966,07,13,2.1,1,Y
IDCJAC0011,85079,1966,07,14,-0.6,1,Y
IDCJAC0011,85079,1966,07,15,-1.1,1,Y
IDCJAC0011,85079,1966,07,16,-2.2,1,Y
IDCJAC0011,85079,1966,07,17,-0.6,1,Y
IDCJAC0011,85079,1966,07,18,1.1,1,Y
IDCJAC0011,85079,1966,07,19,-1.9,1,Y
IDCJAC0011,85079,1966,07,20,-1.7,1,Y
IDCJAC0011,85079,1966,07,21,-1.7,1,Y
IDCJAC0011,85079,1966,07,22,0.3,1,Y
IDCJAC0011,85079,1966,07,23,3.3,1,Y
IDCJAC0011,85079,1966,07,24,6.4,1,Y
IDCJAC0011,85079,1966,07,25,0.0,1,Y
IDCJAC0011,85079,1966,07,26,0.0,1,Y
IDCJAC0011,85079,1966,07,27,1.4,1,Y
IDCJAC0011,85079,1966,07,28,-0.3,1,Y
IDCJAC0011,85079,1966,07,29,1.1,1,Y
IDCJAC0011,85079,1966,07,30,0.3,1,Y
IDCJAC0011,85079,1966,07,31,0.0,1,Y
IDCJAC0011,85079,1966,08,01,2.2,1,Y
IDCJAC0011,85079,1966,08,02,5.8,1,Y
IDCJAC0011,85079,1966,08,03,1.7,1,Y
IDCJAC0011,85079,1966,08,04,0.6,1,Y
IDCJAC0011,85079,1966,08,05,1.1,1,Y
IDCJAC0011,85079,1966,08,06,1.7,1,Y
IDCJAC0011,85079,1966,08,07,2.2,1,Y
IDCJAC0011,85079,1966,08,08,-1.1,1,Y
IDCJAC0011,85079,1966,08,09,1.4,1,Y
IDCJAC0011,85079,1966,08,10,5.6,1,Y
IDCJAC0011,85079,1966,08,11,2.8,1,Y
IDCJAC0011,85079,1966,08,12,1.4,1,Y
IDCJAC0011,85079,1966,08,13,-0.6,1,Y
IDCJAC0011,85079,1966,08,14,1.9,1,Y
IDCJAC0011,85079,1966,08,15,3.3,1,Y
IDCJAC0011,85079,1966,08,16,-0.3,1,Y
IDCJAC0011,85079,1966,08,17,0.6,1,Y
IDCJAC0011,85079,1966,08,18,4.2,1,Y
IDCJAC0011,85079,1966,08,19,4.4,1,Y
IDCJAC0011,85079,1966,08,20,2.5,1,Y
IDCJAC0011,85079,1966,08,21,2.2,1,Y
IDCJAC0011,85079,1966,08,22,0.3,1,Y
IDCJAC0011,85079,1966,08,23,0.3,1,Y
IDCJAC0011,85079,1966,08,24,0.6,1,Y
IDCJAC0011,85079,1966,08,25,-0.3,1,Y
IDCJAC0011,85079,1966,08,26,-0.9,1,Y
IDCJAC0011,85079,1966,08,27,0.0,1,Y
IDCJAC0011,85079,1966,08,28,0.7,1,Y
IDCJAC0011,85079,1966,08,29,3.9,1,Y
IDCJAC0011,85079,1966,08,30,1.9,1,Y
IDCJAC0011,85079,1966,08,31,2.2,1,Y
IDCJAC0011,85079,1966,09,01,3.3,1,Y
IDCJAC0011,85079,1966,09,02,6.1,1,Y
IDCJAC0011,85079,1966,09,03,1.7,1,Y
IDCJAC0011,85079,1966,09,04,2.8,1,Y
IDCJAC0011,85079,1966,09,05,0.6,1,Y
IDCJAC0011,85079,1966,09,06,0.0,1,Y
IDCJAC0011,85079,1966,09,07,-0.6,1,Y
IDCJAC0011,85079,1966,09,08,1.9,1,Y
IDCJAC0011,85079,1966,09,09,2.8,1,Y
IDCJAC0011,85079,1966,09,10,1.4,1,Y
IDCJAC0011,85079,1966,09,11,2.8,1,Y
IDCJAC0011,85079,1966,09,12,5.6,1,Y
IDCJAC0011,85079,1966,09,13,7.8,1,Y
IDCJAC0011,85079,1966,09,14,5.8,1,Y
IDCJAC0011,85079,1966,09,15,5.6,1,Y
IDCJAC0011,85079,1966,09,16,4.4,1,Y
IDCJAC0011,85079,1966,09,17,3.6,1,Y
IDCJAC0011,85079,1966,09,18,5.0,1,Y
IDCJAC0011,85079,1966,09,19,4.7,1,Y
IDCJAC0011,85079,1966,09,20,9.2,1,Y
IDCJAC0011,85079,1966,09,21,2.8,1,Y
IDCJAC0011,85079,1966,09,22,2.2,1,Y
IDCJAC0011,85079,1966,09,23,4.2,1,Y
IDCJAC0011,85079,1966,09,24,3.6,1,Y
IDCJAC0011,85079,1966,09,25,-0.6,1,Y
IDCJAC0011,85079,1966,09,26,2.2,1,Y
IDCJAC0011,85079,1966,09,27,2.5,1,Y
IDCJAC0011,85079,1966,09,28,5.0,1,Y
IDCJAC0011,85079,1966,09,29,5.2,1,Y
IDCJAC0011,85079,1966,09,30,10.0,1,Y
IDCJAC0011,85079,1966,10,01,4.4,1,Y
IDCJAC0011,85079,1966,10,02,2.5,1,Y
IDCJAC0011,85079,1966,10,03,1.7,1,Y
IDCJAC0011,85079,1966,10,04,-0.3,1,Y
IDCJAC0011,85079,1966,10,05,2.2,1,Y
IDCJAC0011,85079,1966,10,06,1.1,1,Y
IDCJAC0011,85079,1966,10,07,-1.7,1,Y
IDCJAC0011,85079,1966,10,08,-1.7,1,Y
IDCJAC0011,85079,1966,10,09,2.2,1,Y
IDCJAC0011,85079,1966,10,10,1.1,1,Y
IDCJAC0011,85079,1966,10,11,1.7,1,Y
IDCJAC0011,85079,1966,10,12,4.7,1,Y
IDCJAC0011,85079,1966,10,13,10.0,1,Y
IDCJAC0011,85079,1966,10,14,7.5,1,Y
IDCJAC0011,85079,1966,10,15,8.1,1,Y
IDCJAC0011,85079,1966,10,16,5.6,1,Y
IDCJAC0011,85079,1966,10,17,5.6,1,Y
IDCJAC0011,85079,1966,10,18,4.4,1,Y
IDCJAC0011,85079,1966,10,19,8.9,1,Y
IDCJAC0011,85079,1966,10,20,5.0,1,Y
IDCJAC0011,85079,1966,10,21,3.3,1,Y
IDCJAC0011,85079,1966,10,22,3.3,1,Y
IDCJAC0011,85079,1966,10,23,2.2,1,Y
IDCJAC0011,85079,1966,10,24,5.0,1,Y
IDCJAC0011,85079,1966,10,25,12.2,1,Y
IDCJAC0011,85079,1966,10,26,10.6,1,Y
IDCJAC0011,85079,1966,10,27,2.8,1,Y
IDCJAC0011,85079,1966,10,28,4.2,1,Y
IDCJAC0011,85079,1966,10,29,7.2,1,Y
IDCJAC0011,85079,1966,10,30,11.7,1,Y
IDCJAC0011,85079,1966,10,31,13.3,1,Y
IDCJAC0011,85079,1966,11,01,8.9,1,Y
IDCJAC0011,85079,1966,11,02,5.2,1,Y
IDCJAC0011,85079,1966,11,03,0.8,1,Y
IDCJAC0011,85079,1966,11,04,1.4,1,Y
IDCJAC0011,85079,1966,11,05,1.9,1,Y
IDCJAC0011,85079,1966,11,06,5.0,1,Y
IDCJAC0011,85079,1966,11,07,6.9,1,Y
IDCJAC0011,85079,1966,11,08,5.0,1,Y
IDCJAC0011,85079,1966,11,09,5.3,1,Y
IDCJAC0011,85079,1966,11,10,9.4,1,Y
IDCJAC0011,85079,1966,11,11,9.2,1,Y
IDCJAC0011,85079,1966,11,12,6.4,1,Y
IDCJAC0011,85079,1966,11,13,3.1,1,Y
IDCJAC0011,85079,1966,11,14,2.5,1,Y
IDCJAC0011,85079,1966,11,15,4.4,1,Y
IDCJAC0011,85079,1966,11,16,5.6,1,Y
IDCJAC0011,85079,1966,11,17,4.4,1,Y
IDCJAC0011,85079,1966,11,18,7.2,1,Y
IDCJAC0011,85079,1966,11,19,5.8,1,Y
IDCJAC0011,85079,1966,11,20,10.8,1,Y
IDCJAC0011,85079,1966,11,21,8.5,1,Y
IDCJAC0011,85079,1966,11,22,8.3,1,Y
IDCJAC0011,85079,1966,11,23,15.6,1,Y
IDCJAC0011,85079,1966,11,24,12.2,1,Y
IDCJAC0011,85079,1966,11,25,3.1,1,Y
IDCJAC0011,85079,1966,11,26,10.3,1,Y
IDCJAC0011,85079,1966,11,27,11.1,1,Y
IDCJAC0011,85079,1966,11,28,9.7,1,Y
IDCJAC0011,85079,1966,11,29,8.9,1,Y
IDCJAC0011,85079,1966,11,30,13.9,1,Y
IDCJAC0011,85079,1966,12,01,5.6,1,Y
IDCJAC0011,85079,1966,12,02,5.8,1,Y
IDCJAC0011,85079,1966,12,03,9.7,1,Y
IDCJAC0011,85079,1966,12,04,11.4,1,Y
IDCJAC0011,85079,1966,12,05,8.3,1,Y
IDCJAC0011,85079,1966,12,06,5.6,1,Y
IDCJAC0011,85079,1966,12,07,4.4,1,Y
IDCJAC0011,85079,1966,12,08,5.3,1,Y
IDCJAC0011,85079,1966,12,09,2.8,1,Y
IDCJAC0011,85079,1966,12,10,2.8,1,Y
IDCJAC0011,85079,1966,12,11,12.8,1,Y
IDCJAC0011,85079,1966,12,12,15.0,1,Y
IDCJAC0011,85079,1966,12,13,12.8,1,Y
IDCJAC0011,85079,1966,12,14,9.2,1,Y
IDCJAC0011,85079,1966,12,15,6.1,1,Y
IDCJAC0011,85079,1966,12,16,3.9,1,Y
IDCJAC0011,85079,1966,12,17,5.0,1,Y
IDCJAC0011,85079,1966,12,18,7.2,1,Y
IDCJAC0011,85079,1966,12,19,10.6,1,Y
IDCJAC0011,85079,1966,12,20,4.7,1,Y
IDCJAC0011,85079,1966,12,21,2.8,1,Y
IDCJAC0011,85079,1966,12,22,8.6,1,Y
IDCJAC0011,85079,1966,12,23,10.6,1,Y
IDCJAC0011,85079,1966,12,24,13.9,1,Y
IDCJAC0011,85079,1966,12,25,16.3,1,Y
IDCJAC0011,85079,1966,12,26,10.7,1,Y
IDCJAC0011,85079,1966,12,27,4.4,1,Y
IDCJAC0011,85079,1966,12,28,11.1,1,Y
IDCJAC0011,85079,1966,12,29,13.6,1,Y
IDCJAC0011,85079,1966,12,30,6.4,1,Y
IDCJAC0011,85079,1966,12,31,6.1,1,Y
IDCJAC0011,85079,1967,01,01,5.8,1,Y
IDCJAC0011,85079,1967,01,02,9.2,1,Y
IDCJAC0011,85079,1967,01,03,5.8,1,Y
IDCJAC0011,85079,1967,01,04,6.1,1,Y
IDCJAC0011,85079,1967,01,05,7.2,1,Y
IDCJAC0011,85079,1967,01,06,12.5,1,Y
IDCJAC0011,85079,1967,01,07,12.2,1,Y
IDCJAC0011,85079,1967,01,08,10.6,1,Y
IDCJAC0011,85079,1967,01,09,9.4,1,Y
IDCJAC0011,85079,1967,01,10,8.9,1,Y
IDCJAC0011,85079,1967,01,11,4.2,1,Y
IDCJAC0011,85079,1967,01,12,6.1,1,Y
IDCJAC0011,85079,1967,01,13,10.6,1,Y
IDCJAC0011,85079,1967,01,14,12.8,1,Y
IDCJAC0011,85079,1967,01,15,13.6,1,Y
IDCJAC0011,85079,1967,01,16,5.3,1,Y
IDCJAC0011,85079,1967,01,17,5.0,1,Y
IDCJAC0011,85079,1967,01,18,2.5,1,Y
IDCJAC0011,85079,1967,01,19,8.3,1,Y
IDCJAC0011,85079,1967,01,20,13.9,1,Y
IDCJAC0011,85079,1967,01,21,8.9,1,Y
IDCJAC0011,85079,1967,01,22,10.6,1,Y
IDCJAC0011,85079,1967,01,23,6.7,1,Y
IDCJAC0011,85079,1967,01,24,8.1,1,Y
IDCJAC0011,85079,1967,01,25,5.6,1,Y
IDCJAC0011,85079,1967,01,26,8.3,1,Y
IDCJAC0011,85079,1967,01,27,6.7,1,Y
IDCJAC0011,85079,1967,01,28,13.3,1,Y
IDCJAC0011,85079,1967,01,29,10.0,1,Y
IDCJAC0011,85079,1967,01,30,9.4,1,Y
IDCJAC0011,85079,1967,01,31,4.2,1,Y
IDCJAC0011,85079,1967,02,01,5.3,1,Y
IDCJAC0011,85079,1967,02,02,8.1,1,Y
IDCJAC0011,85079,1967,02,03,13.1,1,Y
IDCJAC0011,85079,1967,02,04,16.1,1,Y
IDCJAC0011,85079,1967,02,05,13.9,1,Y
IDCJAC0011,85079,1967,02,06,16.1,1,Y
IDCJAC0011,85079,1967,02,07,18.1,1,Y
IDCJAC0011,85079,1967,02,08,10.0,1,Y
IDCJAC0011,85079,1967,02,09,7.2,1,Y
IDCJAC0011,85079,1967,02,10,8.9,1,Y
IDCJAC0011,85079,1967,02,11,3.6,1,Y
IDCJAC0011,85079,1967,02,12,6.4,1,Y
IDCJAC0011,85079,1967,02,13,9.4,1,Y
IDCJAC0011,85079,1967,02,14,8.3,1,Y
IDCJAC0011,85079,1967,02,15,4.2,1,Y
IDCJAC0011,85079,1967,02,16,7.5,1,Y
IDCJAC0011,85079,1967,02,17,3.9,1,Y
IDCJAC0011,85079,1967,02,18,6.7,1,Y
IDCJAC0011,85079,1967,02,19,8.1,1,Y
IDCJAC0011,85079,1967,02,20,12.5,1,Y
IDCJAC0011,85079,1967,02,21,13.9,1,Y
IDCJAC0011,85079,1967,02,22,17.8,1,Y
IDCJAC0011,85079,1967,02,23,16.7,1,Y
IDCJAC0011,85079,1967,02,24,20.6,1,Y
IDCJAC0011,85079,1967,02,25,14.7,1,Y
IDCJAC0011,85079,1967,02,26,8.6,1,Y
IDCJAC0011,85079,1967,02,27,8.3,1,Y
IDCJAC0011,85079,1967,02,28,4.4,1,Y
IDCJAC0011,85079,1967,03,01,4.7,1,Y
IDCJAC0011,85079,1967,03,02,8.1,1,Y
IDCJAC0011,85079,1967,03,03,11.9,1,Y
IDCJAC0011,85079,1967,03,04,7.8,1,Y
IDCJAC0011,85079,1967,03,05,6.7,1,Y
IDCJAC0011,85079,1967,03,06,6.9,1,Y
IDCJAC0011,85079,1967,03,07,12.8,1,Y
IDCJAC0011,85079,1967,03,08,9.4,1,Y
IDCJAC0011,85079,1967,03,09,6.1,1,Y
IDCJAC0011,85079,1967,03,10,8.6,1,Y
IDCJAC0011,85079,1967,03,11,1.7,1,Y
IDCJAC0011,85079,1967,03,12,7.8,1,Y
IDCJAC0011,85079,1967,03,13,10.8,1,Y
IDCJAC0011,85079,1967,03,14,10.7,1,Y
IDCJAC0011,85079,1967,03,15,11.9,1,Y
IDCJAC0011,85079,1967,03,16,11.8,1,Y
IDCJAC0011,85079,1967,03,17,11.7,1,Y
IDCJAC0011,85079,1967,03,18,11.1,1,Y
IDCJAC0011,85079,1967,03,19,7.2,1,Y
IDCJAC0011,85079,1967,03,20,6.8,1,Y
IDCJAC0011,85079,1967,03,21,5.2,1,Y
IDCJAC0011,85079,1967,03,22,9.7,1,Y
IDCJAC0011,85079,1967,03,23,0.0,1,Y
IDCJAC0011,85079,1967,03,24,2.5,1,Y
IDCJAC0011,85079,1967,03,25,7.6,1,Y
IDCJAC0011,85079,1967,03,26,6.1,1,Y
IDCJAC0011,85079,1967,03,27,7.9,1,Y
IDCJAC0011,85079,1967,03,28,8.6,1,Y
IDCJAC0011,85079,1967,03,29,13.9,1,Y
IDCJAC0011,85079,1967,03,30,12.2,1,Y
IDCJAC0011,85079,1967,03,31,11.4,1,Y
IDCJAC0011,85079,1967,04,01,8.9,1,Y
IDCJAC0011,85079,1967,04,02,9.7,1,Y
IDCJAC0011,85079,1967,04,03,10.8,1,Y
IDCJAC0011,85079,1967,04,04,11.8,1,Y
IDCJAC0011,85079,1967,04,05,7.8,1,Y
IDCJAC0011,85079,1967,04,06,6.7,1,Y
IDCJAC0011,85079,1967,04,07,5.0,1,Y
IDCJAC0011,85079,1967,04,08,5.6,1,Y
IDCJAC0011,85079,1967,04,09,6.4,1,Y
IDCJAC0011,85079,1967,04,10,2.5,1,Y
IDCJAC0011,85079,1967,04,11,5.3,1,Y
IDCJAC0011,85079,1967,04,12,7.2,1,Y
IDCJAC0011,85079,1967,04,13,7.2,1,Y
IDCJAC0011,85079,1967,04,14,10.8,1,Y
IDCJAC0011,85079,1967,04,15,10.0,1,Y
IDCJAC0011,85079,1967,04,16,6.4,1,Y
IDCJAC0011,85079,1967,04,17,8.6,1,Y
IDCJAC0011,85079,1967,04,18,10.0,1,Y
IDCJAC0011,85079,1967,04,19,12.2,1,Y
IDCJAC0011,85079,1967,04,20,10.0,1,Y
IDCJAC0011,85079,1967,04,21,6.7,1,Y
IDCJAC0011,85079,1967,04,22,8.9,1,Y
IDCJAC0011,85079,1967,04,23,4.7,1,Y
IDCJAC0011,85079,1967,04,24,1.1,1,Y
IDCJAC0011,85079,1967,04,25,4.6,1,Y
IDCJAC0011,85079,1967,04,26,1.1,1,Y
IDCJAC0011,85079,1967,04,27,1.7,1,Y
IDCJAC0011,85079,1967,04,28,7.5,1,Y
IDCJAC0011,85079,1967,04,29,9.7,1,Y
IDCJAC0011,85079,1967,04,30,5.6,1,Y
IDCJAC0011,85079,1967,05,01,1.4,1,Y
IDCJAC0011,85079,1967,05,02,4.7,1,Y
IDCJAC0011,85079,1967,05,03,7.8,1,Y
IDCJAC0011,85079,1967,05,04,9.2,1,Y
IDCJAC0011,85079,1967,05,05,9.7,1,Y
IDCJAC0011,85079,1967,05,06,11.9,1,Y
IDCJAC0011,85079,1967,05,07,8.6,1,Y
IDCJAC0011,85079,1967,05,08,5.0,1,Y
IDCJAC0011,85079,1967,05,09,6.1,1,Y
IDCJAC0011,85079,1967,05,10,7.2,1,Y
IDCJAC0011,85079,1967,05,11,11.1,1,Y
IDCJAC0011,85079,1967,05,12,13.3,1,Y
IDCJAC0011,85079,1967,05,13,5.8,1,Y
IDCJAC0011,85079,1967,05,14,4.4,1,Y
IDCJAC0011,85079,1967,05,15,-1.4,1,Y
IDCJAC0011,85079,1967,05,16,0.2,1,Y
IDCJAC0011,85079,1967,05,17,1.4,1,Y
IDCJAC0011,85079,1967,05,18,4.4,1,Y
IDCJAC0011,85079,1967,05,19,8.9,1,Y
IDCJAC0011,85079,1967,05,20,6.1,1,Y
IDCJAC0011,85079,1967,05,21,3.1,1,Y
IDCJAC0011,85079,1967,05,22,4.7,1,Y
IDCJAC0011,85079,1967,05,23,1.4,1,Y
IDCJAC0011,85079,1967,05,24,1.7,1,Y
IDCJAC0011,85079,1967,05,25,-0.8,1,Y
IDCJAC0011,85079,1967,05,26,1.9,1,Y
IDCJAC0011,85079,1967,05,27,1.9,1,Y
IDCJAC0011,85079,1967,05,28,4.4,1,Y
IDCJAC0011,85079,1967,05,29,1.4,1,Y
IDCJAC0011,85079,1967,05,30,3.3,1,Y
IDCJAC0011,85079,1967,05,31,0.6,1,Y
IDCJAC0011,85079,1967,06,01,1.7,1,Y
IDCJAC0011,85079,1967,06,02,2.5,1,Y
IDCJAC0011,85079,1967,06,03,0.8,1,Y
IDCJAC0011,85079,1967,06,04,0.3,1,Y
IDCJAC0011,85079,1967,06,05,1.4,1,Y
IDCJAC0011,85079,1967,06,06,1.9,1,Y
IDCJAC0011,85079,1967,06,07,3.3,1,Y
IDCJAC0011,85079,1967,06,08,3.9,1,Y
IDCJAC0011,85079,1967,06,09,4.4,1,Y
IDCJAC0011,85079,1967,06,10,9.2,1,Y
IDCJAC0011,85079,1967,06,11,7.2,1,Y
IDCJAC0011,85079,1967,06,12,6.9,1,Y
IDCJAC0011,85079,1967,06,13,4.7,1,Y
IDCJAC0011,85079,1967,06,14,5.6,1,Y
IDCJAC0011,85079,1967,06,15,7.2,1,Y
IDCJAC0011,85079,1967,06,16,7.8,1,Y
IDCJAC0011,85079,1967,06,17,5.0,1,Y
IDCJAC0011,85079,1967,06,18,1.9,1,Y
IDCJAC0011,85079,1967,06,19,3.6,1,Y
IDCJAC0011,85079,1967,06,20,4.4,1,Y
IDCJAC0011,85079,1967,06,21,1.4,1,Y
IDCJAC0011,85079,1967,06,22,2.5,1,Y
IDCJAC0011,85079,1967,06,23,5.8,1,Y
IDCJAC0011,85079,1967,06,24,1.7,1,Y
IDCJAC0011,85079,1967,06,25,2.8,1,Y
IDCJAC0011,85079,1967,06,26,1.1,1,Y
IDCJAC0011,85079,1967,06,27,0.3,1,Y
IDCJAC0011,85079,1967,06,28,1.1,1,Y
IDCJAC0011,85079,1967,06,29,0.7,1,Y
IDCJAC0011,85079,1967,06,30,5.3,1,Y
IDCJAC0011,85079,1967,07,01,3.9,1,Y
IDCJAC0011,85079,1967,07,02,3.3,1,Y
IDCJAC0011,85079,1967,07,03,2.5,1,Y
IDCJAC0011,85079,1967,07,04,-0.8,1,Y
IDCJAC0011,85079,1967,07,05,-1.1,1,Y
IDCJAC0011,85079,1967,07,06,-0.3,1,Y
IDCJAC0011,85079,1967,07,07,0.0,1,Y
IDCJAC0011,85079,1967,07,08,0.6,1,Y
IDCJAC0011,85079,1967,07,09,-0.8,1,Y
IDCJAC0011,85079,1967,07,10,1.1,1,Y
IDCJAC0011,85079,1967,07,11,2.2,1,Y
IDCJAC0011,85079,1967,07,12,3.1,1,Y
IDCJAC0011,85079,1967,07,13,3.1,1,Y
IDCJAC0011,85079,1967,07,14,4.2,1,Y
IDCJAC0011,85079,1967,07,15,3.1,1,Y
IDCJAC0011,85079,1967,07,16,4.4,1,Y
IDCJAC0011,85079,1967,07,17,2.4,1,Y
IDCJAC0011,85079,1967,07,18,2.8,1,Y
IDCJAC0011,85079,1967,07,19,3.1,1,Y
IDCJAC0011,85079,1967,07,20,-1.9,1,Y
IDCJAC0011,85079,1967,07,21,-1.3,1,Y
IDCJAC0011,85079,1967,07,22,3.6,1,Y
IDCJAC0011,85079,1967,07,23,1.1,1,Y
IDCJAC0011,85079,1967,07,24,2.2,1,Y
IDCJAC0011,85079,1967,07,25,4.7,1,Y
IDCJAC0011,85079,1967,07,26,0.8,1,Y
IDCJAC0011,85079,1967,07,27,1.1,1,Y
IDCJAC0011,85079,1967,07,28,1.7,1,Y
IDCJAC0011,85079,1967,07,29,2.3,1,Y
IDCJAC0011,85079,1967,07,30,2.8,1,Y
IDCJAC0011,85079,1967,07,31,4.4,1,Y
IDCJAC0011,85079,1967,08,01,2.6,1,Y
IDCJAC0011,85079,1967,08,02,0.6,1,Y
IDCJAC0011,85079,1967,08,03,0.7,1,Y
IDCJAC0011,85079,1967,08,04,-1.1,1,Y
IDCJAC0011,85079,1967,08,05,-0.6,1,Y
IDCJAC0011,85079,1967,08,06,1.4,1,Y
IDCJAC0011,85079,1967,08,07,4.4,1,Y
IDCJAC0011,85079,1967,08,08,3.3,1,Y
IDCJAC0011,85079,1967,08,09,2.8,1,Y
IDCJAC0011,85079,1967,08,10,5.0,1,Y
IDCJAC0011,85079,1967,08,11,4.4,1,Y
IDCJAC0011,85079,1967,08,12,5.3,1,Y
IDCJAC0011,85079,1967,08,13,1.7,1,Y
IDCJAC0011,85079,1967,08,14,0.3,1,Y
IDCJAC0011,85079,1967,08,15,1.4,1,Y
IDCJAC0011,85079,1967,08,16,0.6,1,Y
IDCJAC0011,85079,1967,08,17,0.0,1,Y
IDCJAC0011,85079,1967,08,18,0.6,1,Y
IDCJAC0011,85079,1967,08,19,3.3,1,Y
IDCJAC0011,85079,1967,08,20,3.9,1,Y
IDCJAC0011,85079,1967,08,21,5.3,1,Y
IDCJAC0011,85079,1967,08,22,6.1,1,Y
IDCJAC0011,85079,1967,08,23,4.7,1,Y
IDCJAC0011,85079,1967,08,24,5.6,1,Y
IDCJAC0011,85079,1967,08,25,2.4,1,Y
IDCJAC0011,85079,1967,08,26,2.5,1,Y
IDCJAC0011,85079,1967,08,27,1.7,1,Y
IDCJAC0011,85079,1967,08,28,1.7,1,Y
IDCJAC0011,85079,1967,08,29,3.3,1,Y
IDCJAC0011,85079,1967,08,30,2.2,1,Y
IDCJAC0011,85079,1967,08,31,-0.6,1,Y
IDCJAC0011,85079,1967,09,01,1.1,1,Y
IDCJAC0011,85079,1967,09,02,2.2,1,Y
IDCJAC0011,85079,1967,09,03,1.1,1,Y
IDCJAC0011,85079,1967,09,04,2.8,1,Y
IDCJAC0011,85079,1967,09,05,3.3,1,Y
IDCJAC0011,85079,1967,09,06,4.4,1,Y
IDCJAC0011,85079,1967,09,07,0.6,1,Y
IDCJAC0011,85079,1967,09,08,1.7,1,Y
IDCJAC0011,85079,1967,09,09,-0.4,1,Y
IDCJAC0011,85079,1967,09,10,3.4,1,Y
IDCJAC0011,85079,1967,09,11,5.0,1,Y
IDCJAC0011,85079,1967,09,12,2.5,1,Y
IDCJAC0011,85079,1967,09,13,1.1,1,Y
IDCJAC0011,85079,1967,09,14,4.4,1,Y
IDCJAC0011,85079,1967,09,15,1.1,1,Y
IDCJAC0011,85079,1967,09,16,1.4,1,Y
IDCJAC0011,85079,1967,09,17,-2.1,1,Y
IDCJAC0011,85079,1967,09,18,1.4,1,Y
IDCJAC0011,85079,1967,09,19,-0.8,1,Y
IDCJAC0011,85079,1967,09,20,0.6,1,Y
IDCJAC0011,85079,1967,09,21,5.0,1,Y
IDCJAC0011,85079,1967,09,22,1.1,1,Y
IDCJAC0011,85079,1967,09,23,7.5,1,Y
IDCJAC0011,85079,1967,09,24,0.2,1,Y
IDCJAC0011,85079,1967,09,25,6.1,1,Y
IDCJAC0011,85079,1967,09,26,2.2,1,Y
IDCJAC0011,85079,1967,09,27,3.9,1,Y
IDCJAC0011,85079,1967,09,28,1.1,1,Y
IDCJAC0011,85079,1967,09,29,6.1,1,Y
IDCJAC0011,85079,1967,09,30,6.1,1,Y
IDCJAC0011,85079,1967,10,01,4.2,1,Y
IDCJAC0011,85079,1967,10,02,3.1,1,Y
IDCJAC0011,85079,1967,10,03,-0.6,1,Y
IDCJAC0011,85079,1967,10,04,-1.1,1,Y
IDCJAC0011,85079,1967,10,05,5.0,1,Y
IDCJAC0011,85079,1967,10,06,10.0,1,Y
IDCJAC0011,85079,1967,10,07,5.0,1,Y
IDCJAC0011,85079,1967,10,08,4.4,1,Y
IDCJAC0011,85079,1967,10,09,7.2,1,Y
IDCJAC0011,85079,1967,10,10,11.9,1,Y
IDCJAC0011,85079,1967,10,11,7.2,1,Y
IDCJAC0011,85079,1967,10,12,1.7,1,Y
IDCJAC0011,85079,1967,10,13,7.2,1,Y
IDCJAC0011,85079,1967,10,14,5.3,1,Y
IDCJAC0011,85079,1967,10,15,1.9,1,Y
IDCJAC0011,85079,1967,10,16,8.6,1,Y
IDCJAC0011,85079,1967,10,17,13.3,1,Y
IDCJAC0011,85079,1967,10,18,5.2,1,Y
IDCJAC0011,85079,1967,10,19,1.3,1,Y
IDCJAC0011,85079,1967,10,20,1.7,1,Y
IDCJAC0011,85079,1967,10,21,1.7,1,Y
IDCJAC0011,85079,1967,10,22,3.3,1,Y
IDCJAC0011,85079,1967,10,23,3.3,1,Y
IDCJAC0011,85079,1967,10,24,8.3,1,Y
IDCJAC0011,85079,1967,10,25,9.4,1,Y
IDCJAC0011,85079,1967,10,26,7.9,1,Y
IDCJAC0011,85079,1967,10,27,8.1,1,Y
IDCJAC0011,85079,1967,10,28,10.6,1,Y
IDCJAC0011,85079,1967,10,29,3.9,1,Y
IDCJAC0011,85079,1967,10,30,3.1,1,Y
IDCJAC0011,85079,1967,10,31,4.2,1,Y
IDCJAC0011,85079,1967,11,01,1.9,1,Y
IDCJAC0011,85079,1967,11,02,11.7,1,Y
IDCJAC0011,85079,1967,11,03,5.3,1,Y
IDCJAC0011,85079,1967,11,04,14.4,1,Y
IDCJAC0011,85079,1967,11,05,5.0,1,Y
IDCJAC0011,85079,1967,11,06,4.7,1,Y
IDCJAC0011,85079,1967,11,07,4.2,1,Y
IDCJAC0011,85079,1967,11,08,3.9,1,Y
IDCJAC0011,85079,1967,11,09,4.7,1,Y
IDCJAC0011,85079,1967,11,10,3.9,1,Y
IDCJAC0011,85079,1967,11,11,5.6,1,Y
IDCJAC0011,85079,1967,11,12,6.1,1,Y
IDCJAC0011,85079,1967,11,13,10.6,1,Y
IDCJAC0011,85079,1967,11,14,10.0,1,Y
IDCJAC0011,85079,1967,11,15,4.4,1,Y
IDCJAC0011,85079,1967,11,16,1.7,1,Y
IDCJAC0011,85079,1967,11,17,2.5,1,Y
IDCJAC0011,85079,1967,11,18,7.9,1,Y
IDCJAC0011,85079,1967,11,19,8.1,1,Y
IDCJAC0011,85079,1967,11,20,6.7,1,Y
IDCJAC0011,85079,1967,11,21,6.1,1,Y
IDCJAC0011,85079,1967,11,22,8.9,1,Y
IDCJAC0011,85079,1967,11,23,7.0,1,Y
IDCJAC0011,85079,1967,11,24,2.8,1,Y
IDCJAC0011,85079,1967,11,25,1.9,1,Y
IDCJAC0011,85079,1967,11,26,0.6,1,Y
IDCJAC0011,85079,1967,11,27,1.4,1,Y
IDCJAC0011,85079,1967,11,28,3.9,1,Y
IDCJAC0011,85079,1967,11,29,14.4,1,Y
IDCJAC0011,85079,1967,11,30,9.4,1,Y
IDCJAC0011,85079,1967,12,01,5.6,1,Y
IDCJAC0011,85079,1967,12,02,6.1,1,Y
IDCJAC0011,85079,1967,12,03,4.4,1,Y
IDCJAC0011,85079,1967,12,04,1.9,1,Y
IDCJAC0011,85079,1967,12,05,3.3,1,Y
IDCJAC0011,85079,1967,12,06,1.7,1,Y
IDCJAC0011,85079,1967,12,07,3.1,1,Y
IDCJAC0011,85079,1967,12,08,6.9,1,Y
IDCJAC0011,85079,1967,12,09,3.3,1,Y
IDCJAC0011,85079,1967,12,10,9.4,1,Y
IDCJAC0011,85079,1967,12,11,15.3,1,Y
IDCJAC0011,85079,1967,12,12,12.8,1,Y
IDCJAC0011,85079,1967,12,13,5.0,1,Y
IDCJAC0011,85079,1967,12,14,3.3,1,Y
IDCJAC0011,85079,1967,12,15,3.9,1,Y
IDCJAC0011,85079,1967,12,16,7.5,1,Y
IDCJAC0011,85079,1967,12,17,7.8,1,Y
IDCJAC0011,85079,1967,12,18,10.0,1,Y
IDCJAC0011,85079,1967,12,19,1.4,1,Y
IDCJAC0011,85079,1967,12,20,1.7,1,Y
IDCJAC0011,85079,1967,12,21,6.4,1,Y
IDCJAC0011,85079,1967,12,22,5.0,1,Y
IDCJAC0011,85079,1967,12,23,8.3,1,Y
IDCJAC0011,85079,1967,12,24,2.2,1,Y
IDCJAC0011,85079,1967,12,25,5.3,1,Y
IDCJAC0011,85079,1967,12,26,8.3,1,Y
IDCJAC0011,85079,1967,12,27,12.8,1,Y
IDCJAC0011,85079,1967,12,28,12.2,1,Y
IDCJAC0011,85079,1967,12,29,9.7,1,Y
IDCJAC0011,85079,1967,12,30,10.7,1,Y
IDCJAC0011,85079,1967,12,31,6.1,1,Y
IDCJAC0011,85079,1968,01,01,8.9,1,Y
IDCJAC0011,85079,1968,01,02,1.7,1,Y
IDCJAC0011,85079,1968,01,03,10.6,1,Y
IDCJAC0011,85079,1968,01,04,7.8,1,Y
IDCJAC0011,85079,1968,01,05,6.9,1,Y
IDCJAC0011,85079,1968,01,06,8.1,1,Y
IDCJAC0011,85079,1968,01,07,8.9,1,Y
IDCJAC0011,85079,1968,01,08,8.3,1,Y
IDCJAC0011,85079,1968,01,09,15.0,1,Y
IDCJAC0011,85079,1968,01,10,14.4,1,Y
IDCJAC0011,85079,1968,01,11,8.9,1,Y
IDCJAC0011,85079,1968,01,12,5.3,1,Y
IDCJAC0011,85079,1968,01,13,6.1,1,Y
IDCJAC0011,85079,1968,01,14,8.3,1,Y
IDCJAC0011,85079,1968,01,15,9.4,1,Y
IDCJAC0011,85079,1968,01,16,12.2,1,Y
IDCJAC0011,85079,1968,01,17,10.6,1,Y
IDCJAC0011,85079,1968,01,18,6.9,1,Y
IDCJAC0011,85079,1968,01,19,14.7,1,Y
IDCJAC0011,85079,1968,01,20,17.5,1,Y
IDCJAC0011,85079,1968,01,21,12.2,1,Y
IDCJAC0011,85079,1968,01,22,10.3,1,Y
IDCJAC0011,85079,1968,01,23,8.3,1,Y
IDCJAC0011,85079,1968,01,24,15.6,1,Y
IDCJAC0011,85079,1968,01,25,13.3,1,Y
IDCJAC0011,85079,1968,01,26,9.4,1,Y
IDCJAC0011,85079,1968,01,27,6.7,1,Y
IDCJAC0011,85079,1968,01,28,15.3,1,Y
IDCJAC0011,85079,1968,01,29,7.2,1,Y
IDCJAC0011,85079,1968,01,30,9.2,1,Y
IDCJAC0011,85079,1968,01,31,17.2,1,Y
IDCJAC0011,85079,1968,02,01,20.0,1,Y
IDCJAC0011,85079,1968,02,02,8.1,1,Y
IDCJAC0011,85079,1968,02,03,6.8,1,Y
IDCJAC0011,85079,1968,02,04,6.9,1,Y
IDCJAC0011,85079,1968,02,05,12.8,1,Y
IDCJAC0011,85079,1968,02,06,11.1,1,Y
IDCJAC0011,85079,1968,02,07,6.7,1,Y
IDCJAC0011,85079,1968,02,08,9.1,1,Y
IDCJAC0011,85079,1968,02,09,3.1,1,Y
IDCJAC0011,85079,1968,02,10,3.6,1,Y
IDCJAC0011,85079,1968,02,11,5.3,1,Y
IDCJAC0011,85079,1968,02,12,10.0,1,Y
IDCJAC0011,85079,1968,02,13,12.8,1,Y
IDCJAC0011,85079,1968,02,14,9.4,1,Y
IDCJAC0011,85079,1968,02,15,14.4,1,Y
IDCJAC0011,85079,1968,02,16,16.1,1,Y
IDCJAC0011,85079,1968,02,17,17.2,1,Y
IDCJAC0011,85079,1968,02,18,16.1,1,Y
IDCJAC0011,85079,1968,02,19,17.8,1,Y
IDCJAC0011,85079,1968,02,20,18.1,1,Y
IDCJAC0011,85079,1968,02,21,20.6,1,Y
IDCJAC0011,85079,1968,02,22,9.4,1,Y
IDCJAC0011,85079,1968,02,23,12.2,1,Y
IDCJAC0011,85079,1968,02,24,16.7,1,Y
IDCJAC0011,85079,1968,02,25,21.4,1,Y
IDCJAC0011,85079,1968,02,26,17.8,1,Y
IDCJAC0011,85079,1968,02,27,5.6,1,Y
IDCJAC0011,85079,1968,02,28,4.6,1,Y
IDCJAC0011,85079,1968,02,29,5.7,1,Y
IDCJAC0011,85079,1968,03,01,10.6,1,Y
IDCJAC0011,85079,1968,03,02,13.6,1,Y
IDCJAC0011,85079,1968,03,03,7.5,1,Y
IDCJAC0011,85079,1968,03,04,9.4,1,Y
IDCJAC0011,85079,1968,03,05,3.3,1,Y
IDCJAC0011,85079,1968,03,06,2.8,1,Y
IDCJAC0011,85079,1968,03,07,6.1,1,Y
IDCJAC0011,85079,1968,03,08,7.2,1,Y
IDCJAC0011,85079,1968,03,09,7.2,1,Y
IDCJAC0011,85079,1968,03,10,6.9,1,Y
IDCJAC0011,85079,1968,03,11,11.9,1,Y
IDCJAC0011,85079,1968,03,12,10.0,1,Y
IDCJAC0011,85079,1968,03,13,8.1,1,Y
IDCJAC0011,85079,1968,03,14,8.9,1,Y
IDCJAC0011,85079,1968,03,15,6.7,1,Y
IDCJAC0011,85079,1968,03,16,12.2,1,Y
IDCJAC0011,85079,1968,03,17,15.0,1,Y
IDCJAC0011,85079,1968,03,18,15.9,1,Y
IDCJAC0011,85079,1968,03,19,11.7,1,Y
IDCJAC0011,85079,1968,03,20,11.8,1,Y
IDCJAC0011,85079,1968,03,21,15.6,1,Y
IDCJAC0011,85079,1968,03,22,13.9,1,Y
IDCJAC0011,85079,1968,03,23,13.9,1,Y
IDCJAC0011,85079,1968,03,24,11.7,1,Y
IDCJAC0011,85079,1968,03,25,11.7,1,Y
IDCJAC0011,85079,1968,03,26,9.4,1,Y
IDCJAC0011,85079,1968,03,27,10.3,1,Y
IDCJAC0011,85079,1968,03,28,13.3,1,Y
IDCJAC0011,85079,1968,03,29,16.7,1,Y
IDCJAC0011,85079,1968,03,30,8.1,1,Y
IDCJAC0011,85079,1968,03,31,3.3,1,Y
IDCJAC0011,85079,1968,04,01,6.1,1,Y
IDCJAC0011,85079,1968,04,02,10.0,1,Y
IDCJAC0011,85079,1968,04,03,10.8,1,Y
IDCJAC0011,85079,1968,04,04,9.4,1,Y
IDCJAC0011,85079,1968,04,05,6.1,1,Y
IDCJAC0011,85079,1968,04,06,6.3,1,Y
IDCJAC0011,85079,1968,04,07,7.2,1,Y
IDCJAC0011,85079,1968,04,08,11.1,1,Y
IDCJAC0011,85079,1968,04,09,2.8,1,Y
IDCJAC0011,85079,1968,04,10,4.2,1,Y
IDCJAC0011,85079,1968,04,11,8.9,1,Y
IDCJAC0011,85079,1968,04,12,12.8,1,Y
IDCJAC0011,85079,1968,04,13,12.2,1,Y
IDCJAC0011,85079,1968,04,14,9.7,1,Y
IDCJAC0011,85079,1968,04,15,10.3,1,Y
IDCJAC0011,85079,1968,04,16,9.4,1,Y
IDCJAC0011,85079,1968,04,17,9.8,1,Y
IDCJAC0011,85079,1968,04,18,10.3,1,Y
IDCJAC0011,85079,1968,04,19,8.3,1,Y
IDCJAC0011,85079,1968,04,20,7.9,1,Y
IDCJAC0011,85079,1968,04,21,6.7,1,Y
IDCJAC0011,85079,1968,04,22,5.6,1,Y
IDCJAC0011,85079,1968,04,23,3.9,1,Y
IDCJAC0011,85079,1968,04,24,6.4,1,Y
IDCJAC0011,85079,1968,04,25,8.6,1,Y
IDCJAC0011,85079,1968,04,26,8.6,1,Y
IDCJAC0011,85079,1968,04,27,10.8,1,Y
IDCJAC0011,85079,1968,04,28,11.4,1,Y
IDCJAC0011,85079,1968,04,29,12.8,1,Y
IDCJAC0011,85079,1968,04,30,9.4,1,Y
IDCJAC0011,85079,1968,05,01,8.6,1,Y
IDCJAC0011,85079,1968,05,02,10.6,1,Y
IDCJAC0011,85079,1968,05,03,2.5,1,Y
IDCJAC0011,85079,1968,05,04,3.3,1,Y
IDCJAC0011,85079,1968,05,05,5.8,1,Y
IDCJAC0011,85079,1968,05,06,6.7,1,Y
IDCJAC0011,85079,1968,05,07,5.0,1,Y
IDCJAC0011,85079,1968,05,08,2.2,1,Y
IDCJAC0011,85079,1968,05,09,6.9,1,Y
IDCJAC0011,85079,1968,05,10,9.8,1,Y
IDCJAC0011,85079,1968,05,11,11.1,1,Y
IDCJAC0011,85079,1968,05,12,5.2,1,Y
IDCJAC0011,85079,1968,05,13,3.1,1,Y
IDCJAC0011,85079,1968,05,14,-0.6,1,Y
IDCJAC0011,85079,1968,05,15,0.8,1,Y
IDCJAC0011,85079,1968,05,16,3.1,1,Y
IDCJAC0011,85079,1968,05,17,2.8,1,Y
IDCJAC0011,85079,1968,05,18,2.8,1,Y
IDCJAC0011,85079,1968,05,19,-0.3,1,Y
IDCJAC0011,85079,1968,05,20,1.7,1,Y
IDCJAC0011,85079,1968,05,21,4.4,1,Y
IDCJAC0011,85079,1968,05,22,5.6,1,Y
IDCJAC0011,85079,1968,05,23,6.7,1,Y
IDCJAC0011,85079,1968,05,24,0.3,1,Y
IDCJAC0011,85079,1968,05,25,-0.8,1,Y
IDCJAC0011,85079,1968,05,26,0.3,1,Y
IDCJAC0011,85079,1968,05,27,1.7,1,Y
IDCJAC0011,85079,1968,05,28,1.7,1,Y
IDCJAC0011,85079,1968,05,29,1.7,1,Y
IDCJAC0011,85079,1968,05,30,3.1,1,Y
IDCJAC0011,85079,1968,05,31,5.8,1,Y
IDCJAC0011,85079,1968,06,01,6.1,1,Y
IDCJAC0011,85079,1968,06,02,4.2,1,Y
IDCJAC0011,85079,1968,06,03,1.1,1,Y
IDCJAC0011,85079,1968,06,04,1.1,1,Y
IDCJAC0011,85079,1968,06,05,2.5,1,Y
IDCJAC0011,85079,1968,06,06,2.5,1,Y
IDCJAC0011,85079,1968,06,07,4.4,1,Y
IDCJAC0011,85079,1968,06,08,2.2,1,Y
IDCJAC0011,85079,1968,06,09,-1.7,1,Y
IDCJAC0011,85079,1968,06,10,-0.3,1,Y
IDCJAC0011,85079,1968,06,11,4.4,1,Y
IDCJAC0011,85079,1968,06,12,4.4,1,Y
IDCJAC0011,85079,1968,06,13,2.2,1,Y
IDCJAC0011,85079,1968,06,14,3.9,1,Y
IDCJAC0011,85079,1968,06,15,6.7,1,Y
IDCJAC0011,85079,1968,06,16,2.5,1,Y
IDCJAC0011,85079,1968,06,17,1.7,1,Y
IDCJAC0011,85079,1968,06,18,-1.9,1,Y
IDCJAC0011,85079,1968,06,19,-0.3,1,Y
IDCJAC0011,85079,1968,06,20,6.9,1,Y
IDCJAC0011,85079,1968,06,21,4.2,1,Y
IDCJAC0011,85079,1968,06,22,0.6,1,Y
IDCJAC0011,85079,1968,06,23,0.6,1,Y
IDCJAC0011,85079,1968,06,24,3.5,1,Y
IDCJAC0011,85079,1968,06,25,1.7,1,Y
IDCJAC0011,85079,1968,06,26,1.7,1,Y
IDCJAC0011,85079,1968,06,27,-0.3,1,Y
IDCJAC0011,85079,1968,06,28,0.3,1,Y
IDCJAC0011,85079,1968,06,29,1.7,1,Y
IDCJAC0011,85079,1968,06,30,2.2,1,Y
IDCJAC0011,85079,1968,07,01,-1.1,1,Y
IDCJAC0011,85079,1968,07,02,-1.1,1,Y
IDCJAC0011,85079,1968,07,03,1.7,1,Y
IDCJAC0011,85079,1968,07,04,3.6,1,Y
IDCJAC0011,85079,1968,07,05,3.1,1,Y
IDCJAC0011,85079,1968,07,06,2.2,1,Y
IDCJAC0011,85079,1968,07,07,3.9,1,Y
IDCJAC0011,85079,1968,07,08,1.1,1,Y
IDCJAC0011,85079,1968,07,09,2.2,1,Y
IDCJAC0011,85079,1968,07,10,-0.6,1,Y
IDCJAC0011,85079,1968,07,11,2.2,1,Y
IDCJAC0011,85079,1968,07,12,0.6,1,Y
IDCJAC0011,85079,1968,07,13,0.0,1,Y
IDCJAC0011,85079,1968,07,14,0.6,1,Y
IDCJAC0011,85079,1968,07,15,-0.6,1,Y
IDCJAC0011,85079,1968,07,16,0.0,1,Y
IDCJAC0011,85079,1968,07,17,0.3,1,Y
IDCJAC0011,85079,1968,07,18,3.3,1,Y
IDCJAC0011,85079,1968,07,19,3.3,1,Y
IDCJAC0011,85079,1968,07,20,2.8,1,Y
IDCJAC0011,85079,1968,07,21,3.3,1,Y
IDCJAC0011,85079,1968,07,22,0.0,1,Y
IDCJAC0011,85079,1968,07,23,0.6,1,Y
IDCJAC0011,85079,1968,07,24,1.1,1,Y
IDCJAC0011,85079,1968,07,25,-2.2,1,Y
IDCJAC0011,85079,1968,07,26,0.1,1,Y
IDCJAC0011,85079,1968,07,27,1.7,1,Y
IDCJAC0011,85079,1968,07,28,3.1,1,Y
IDCJAC0011,85079,1968,07,29,0.0,1,Y
IDCJAC0011,85079,1968,07,30,0.8,1,Y
IDCJAC0011,85079,1968,07,31,6.7,1,Y
IDCJAC0011,85079,1968,08,01,-0.3,1,Y
IDCJAC0011,85079,1968,08,02,1.1,1,Y
IDCJAC0011,85079,1968,08,03,2.5,1,Y
IDCJAC0011,85079,1968,08,04,0.6,1,Y
IDCJAC0011,85079,1968,08,05,1.1,1,Y
IDCJAC0011,85079,1968,08,06,3.3,1,Y
IDCJAC0011,85079,1968,08,07,3.4,1,Y
IDCJAC0011,85079,1968,08,08,6.1,1,Y
IDCJAC0011,85079,1968,08,09,2.3,1,Y
IDCJAC0011,85079,1968,08,10,1.7,1,Y
IDCJAC0011,85079,1968,08,11,0.7,1,Y
IDCJAC0011,85079,1968,08,12,1.1,1,Y
IDCJAC0011,85079,1968,08,13,-1.4,1,Y
IDCJAC0011,85079,1968,08,14,-0.8,1,Y
IDCJAC0011,85079,1968,08,15,0.3,1,Y
IDCJAC0011,85079,1968,08,16,0.8,1,Y
IDCJAC0011,85079,1968,08,17,0.6,1,Y
IDCJAC0011,85079,1968,08,18,1.7,1,Y
IDCJAC0011,85079,1968,08,19,3.9,1,Y
IDCJAC0011,85079,1968,08,20,-1.1,1,Y
IDCJAC0011,85079,1968,08,21,-0.3,1,Y
IDCJAC0011,85079,1968,08,22,1.1,1,Y
IDCJAC0011,85079,1968,08,23,2.2,1,Y
IDCJAC0011,85079,1968,08,24,4.4,1,Y
IDCJAC0011,85079,1968,08,25,2.2,1,Y
IDCJAC0011,85079,1968,08,26,3.3,1,Y
IDCJAC0011,85079,1968,08,27,6.7,1,Y
IDCJAC0011,85079,1968,08,28,6.1,1,Y
IDCJAC0011,85079,1968,08,29,0.0,1,Y
IDCJAC0011,85079,1968,08,30,0.6,1,Y
IDCJAC0011,85079,1968,08,31,3.1,1,Y
IDCJAC0011,85079,1968,09,01,2.8,1,Y
IDCJAC0011,85079,1968,09,02,2.5,1,Y
IDCJAC0011,85079,1968,09,03,2.2,1,Y
IDCJAC0011,85079,1968,09,04,-0.3,1,Y
IDCJAC0011,85079,1968,09,05,3.9,1,Y
IDCJAC0011,85079,1968,09,06,2.2,1,Y
IDCJAC0011,85079,1968,09,07,3.3,1,Y
IDCJAC0011,85079,1968,09,08,3.9,1,Y
IDCJAC0011,85079,1968,09,09,1.7,1,Y
IDCJAC0011,85079,1968,09,10,-0.6,1,Y
IDCJAC0011,85079,1968,09,11,2.4,1,Y
IDCJAC0011,85079,1968,09,12,7.2,1,Y
IDCJAC0011,85079,1968,09,13,5.3,1,Y
IDCJAC0011,85079,1968,09,14,2.8,1,Y
IDCJAC0011,85079,1968,09,15,0.3,1,Y
IDCJAC0011,85079,1968,09,16,0.0,1,Y
IDCJAC0011,85079,1968,09,17,2.2,1,Y
IDCJAC0011,85079,1968,09,18,0.6,1,Y
IDCJAC0011,85079,1968,09,19,3.6,1,Y
IDCJAC0011,85079,1968,09,20,2.8,1,Y
IDCJAC0011,85079,1968,09,21,0.0,1,Y
IDCJAC0011,85079,1968,09,22,-0.6,1,Y
IDCJAC0011,85079,1968,09,23,3.9,1,Y
IDCJAC0011,85079,1968,09,24,1.2,1,Y
IDCJAC0011,85079,1968,09,25,-0.3,1,Y
IDCJAC0011,85079,1968,09,26,0.6,1,Y
IDCJAC0011,85079,1968,09,27,-1.1,1,Y
IDCJAC0011,85079,1968,09,28,2.2,1,Y
IDCJAC0011,85079,1968,09,29,6.7,1,Y
IDCJAC0011,85079,1968,09,30,1.7,1,Y
IDCJAC0011,85079,1968,10,01,-1.1,1,Y
IDCJAC0011,85079,1968,10,02,-0.6,1,Y
IDCJAC0011,85079,1968,10,03,2.8,1,Y
IDCJAC0011,85079,1968,10,04,4.2,1,Y
IDCJAC0011,85079,1968,10,05,2.8,1,Y
IDCJAC0011,85079,1968,10,06,10.8,1,Y
IDCJAC0011,85079,1968,10,07,1.7,1,Y
IDCJAC0011,85079,1968,10,08,3.1,1,Y
IDCJAC0011,85079,1968,10,09,4.2,1,Y
IDCJAC0011,85079,1968,10,10,4.2,1,Y
IDCJAC0011,85079,1968,10,11,3.1,1,Y
IDCJAC0011,85079,1968,10,12,2.8,1,Y
IDCJAC0011,85079,1968,10,13,6.4,1,Y
IDCJAC0011,85079,1968,10,14,4.2,1,Y
IDCJAC0011,85079,1968,10,15,2.2,1,Y
IDCJAC0011,85079,1968,10,16,7.5,1,Y
IDCJAC0011,85079,1968,10,17,12.5,1,Y
IDCJAC0011,85079,1968,10,18,3.3,1,Y
IDCJAC0011,85079,1968,10,19,9.6,1,Y
IDCJAC0011,85079,1968,10,20,5.3,1,Y
IDCJAC0011,85079,1968,10,21,10.8,1,Y
IDCJAC0011,85079,1968,10,22,5.6,1,Y
IDCJAC0011,85079,1968,10,23,2.2,1,Y
IDCJAC0011,85079,1968,10,24,5.0,1,Y
IDCJAC0011,85079,1968,10,25,-0.3,1,Y
IDCJAC0011,85079,1968,10,26,1.1,1,Y
IDCJAC0011,85079,1968,10,27,5.8,1,Y
IDCJAC0011,85079,1968,10,28,7.2,1,Y
IDCJAC0011,85079,1968,10,29,3.6,1,Y
IDCJAC0011,85079,1968,10,30,0.0,1,Y
IDCJAC0011,85079,1968,10,31,6.4,1,Y
IDCJAC0011,85079,1968,11,01,13.9,1,Y
IDCJAC0011,85079,1968,11,02,7.5,1,Y
IDCJAC0011,85079,1968,11,03,1.7,1,Y
IDCJAC0011,85079,1968,11,04,6.1,1,Y
IDCJAC0011,85079,1968,11,05,5.3,1,Y
IDCJAC0011,85079,1968,11,06,12.5,1,Y
IDCJAC0011,85079,1968,11,07,5.6,1,Y
IDCJAC0011,85079,1968,11,08,2.8,1,Y
IDCJAC0011,85079,1968,11,09,5.2,1,Y
IDCJAC0011,85079,1968,11,10,5.6,1,Y
IDCJAC0011,85079,1968,11,11,9.6,1,Y
IDCJAC0011,85079,1968,11,12,6.1,1,Y
IDCJAC0011,85079,1968,11,13,4.2,1,Y
IDCJAC0011,85079,1968,11,14,3.1,1,Y
IDCJAC0011,85079,1968,11,15,2.2,1,Y
IDCJAC0011,85079,1968,11,16,8.1,1,Y
IDCJAC0011,85079,1968,11,17,8.3,1,Y
IDCJAC0011,85079,1968,11,18,11.2,1,Y
IDCJAC0011,85079,1968,11,19,8.1,1,Y
IDCJAC0011,85079,1968,11,20,8.9,1,Y
IDCJAC0011,85079,1968,11,21,2.3,1,Y
IDCJAC0011,85079,1968,11,22,2.8,1,Y
IDCJAC0011,85079,1968,11,23,5.0,1,Y
IDCJAC0011,85079,1968,11,24,4.7,1,Y
IDCJAC0011,85079,1968,11,25,1.7,1,Y
IDCJAC0011,85079,1968,11,26,3.3,1,Y
IDCJAC0011,85079,1968,11,27,8.1,1,Y
IDCJAC0011,85079,1968,11,28,10.6,1,Y
IDCJAC0011,85079,1968,11,29,2.5,1,Y
IDCJAC0011,85079,1968,11,30,1.7,1,Y
IDCJAC0011,85079,1968,12,01,6.7,1,Y
IDCJAC0011,85079,1968,12,02,7.2,1,Y
IDCJAC0011,85079,1968,12,03,6.7,1,Y
IDCJAC0011,85079,1968,12,04,5.6,1,Y
IDCJAC0011,85079,1968,12,05,5.6,1,Y
IDCJAC0011,85079,1968,12,06,3.9,1,Y
IDCJAC0011,85079,1968,12,07,4.4,1,Y
IDCJAC0011,85079,1968,12,08,4.4,1,Y
IDCJAC0011,85079,1968,12,09,14.2,1,Y
IDCJAC0011,85079,1968,12,10,4.6,1,Y
IDCJAC0011,85079,1968,12,11,0.8,1,Y
IDCJAC0011,85079,1968,12,12,8.3,1,Y
IDCJAC0011,85079,1968,12,13,5.9,1,Y
IDCJAC0011,85079,1968,12,14,10.8,1,Y
IDCJAC0011,85079,1968,12,15,17.8,1,Y
IDCJAC0011,85079,1968,12,16,14.4,1,Y
IDCJAC0011,85079,1968,12,17,8.9,1,Y
IDCJAC0011,85079,1968,12,18,8.1,1,Y
IDCJAC0011,85079,1968,12,19,7.2,1,Y
IDCJAC0011,85079,1968,12,20,8.7,1,Y
IDCJAC0011,85079,1968,12,21,2.2,1,Y
IDCJAC0011,85079,1968,12,22,7.8,1,Y
IDCJAC0011,85079,1968,12,23,15.0,1,Y
IDCJAC0011,85079,1968,12,24,8.3,1,Y
IDCJAC0011,85079,1968,12,25,6.2,1,Y
IDCJAC0011,85079,1968,12,26,6.4,1,Y
IDCJAC0011,85079,1968,12,27,8.1,1,Y
IDCJAC0011,85079,1968,12,28,7.8,1,Y
IDCJAC0011,85079,1968,12,29,7.8,1,Y
IDCJAC0011,85079,1968,12,30,8.3,1,Y
IDCJAC0011,85079,1968,12,31,11.9,1,Y
IDCJAC0011,85079,1969,01,01,8.6,1,Y
IDCJAC0011,85079,1969,01,02,9.7,1,Y
IDCJAC0011,85079,1969,01,03,10.8,1,Y
IDCJAC0011,85079,1969,01,04,7.2,1,Y
IDCJAC0011,85079,1969,01,05,8.9,1,Y
IDCJAC0011,85079,1969,01,06,7.2,1,Y
IDCJAC0011,85079,1969,01,07,9.4,1,Y
IDCJAC0011,85079,1969,01,08,15.0,1,Y
IDCJAC0011,85079,1969,01,09,7.5,1,Y
IDCJAC0011,85079,1969,01,10,2.8,1,Y
IDCJAC0011,85079,1969,01,11,7.8,1,Y
IDCJAC0011,85079,1969,01,12,13.9,1,Y
IDCJAC0011,85079,1969,01,13,8.3,1,Y
IDCJAC0011,85079,1969,01,14,15.3,1,Y
IDCJAC0011,85079,1969,01,15,5.0,1,Y
IDCJAC0011,85079,1969,01,16,6.7,1,Y
IDCJAC0011,85079,1969,01,17,15.6,1,Y
IDCJAC0011,85079,1969,01,18,11.4,1,Y
IDCJAC0011,85079,1969,01,19,6.9,1,Y
IDCJAC0011,85079,1969,01,20,9.2,1,Y
IDCJAC0011,85079,1969,01,21,10.7,1,Y
IDCJAC0011,85079,1969,01,22,17.9,1,Y
IDCJAC0011,85079,1969,01,23,11.7,1,Y
IDCJAC0011,85079,1969,01,24,13.3,1,Y
IDCJAC0011,85079,1969,01,25,17.2,1,Y
IDCJAC0011,85079,1969,01,26,5.9,1,Y
IDCJAC0011,85079,1969,01,27,5.8,1,Y
IDCJAC0011,85079,1969,01,28,8.3,1,Y
IDCJAC0011,85079,1969,01,29,5.8,1,Y
IDCJAC0011,85079,1969,01,30,12.2,1,Y
IDCJAC0011,85079,1969,01,31,15.6,1,Y
IDCJAC0011,85079,1969,02,01,16.9,1,Y
IDCJAC0011,85079,1969,02,02,16.8,1,Y
IDCJAC0011,85079,1969,02,03,16.4,1,Y
IDCJAC0011,85079,1969,02,04,16.4,1,Y
IDCJAC0011,85079,1969,02,05,11.9,1,Y
IDCJAC0011,85079,1969,02,06,12.8,1,Y
IDCJAC0011,85079,1969,02,07,11.9,1,Y
IDCJAC0011,85079,1969,02,08,8.9,1,Y
IDCJAC0011,85079,1969,02,09,12.2,1,Y
IDCJAC0011,85079,1969,02,10,11.7,1,Y
IDCJAC0011,85079,1969,02,11,11.1,1,Y
IDCJAC0011,85079,1969,02,12,14.2,1,Y
IDCJAC0011,85079,1969,02,13,16.1,1,Y
IDCJAC0011,85079,1969,02,14,14.4,1,Y
IDCJAC0011,85079,1969,02,15,12.8,1,Y
IDCJAC0011,85079,1969,02,16,8.6,1,Y
IDCJAC0011,85079,1969,02,17,8.9,1,Y
IDCJAC0011,85079,1969,02,18,10.3,1,Y
IDCJAC0011,85079,1969,02,19,16.9,1,Y
IDCJAC0011,85079,1969,02,20,17.5,1,Y
IDCJAC0011,85079,1969,02,21,17.4,1,Y
IDCJAC0011,85079,1969,02,22,14.4,1,Y
IDCJAC0011,85079,1969,02,23,12.8,1,Y
IDCJAC0011,85079,1969,02,24,8.9,1,Y
IDCJAC0011,85079,1969,02,25,10.6,1,Y
IDCJAC0011,85079,1969,02,26,6.9,1,Y
IDCJAC0011,85079,1969,02,27,7.2,1,Y
IDCJAC0011,85079,1969,02,28,6.4,1,Y
IDCJAC0011,85079,1969,03,01,4.7,1,Y
IDCJAC0011,85079,1969,03,02,6.1,1,Y
IDCJAC0011,85079,1969,03,03,8.3,1,Y
IDCJAC0011,85079,1969,03,04,9.4,1,Y
IDCJAC0011,85079,1969,03,05,8.3,1,Y
IDCJAC0011,85079,1969,03,06,3.9,1,Y
IDCJAC0011,85079,1969,03,07,1.7,1,Y
IDCJAC0011,85079,1969,03,08,6.7,1,Y
IDCJAC0011,85079,1969,03,09,7.8,1,Y
IDCJAC0011,85079,1969,03,10,14.2,1,Y
IDCJAC0011,85079,1969,03,11,16.9,1,Y
IDCJAC0011,85079,1969,03,12,15.3,1,Y
IDCJAC0011,85079,1969,03,13,13.1,1,Y
IDCJAC0011,85079,1969,03,14,15.0,1,Y
IDCJAC0011,85079,1969,03,15,10.0,1,Y
IDCJAC0011,85079,1969,03,16,6.1,1,Y
IDCJAC0011,85079,1969,03,17,7.2,1,Y
IDCJAC0011,85079,1969,03,18,13.1,1,Y
IDCJAC0011,85079,1969,03,19,12.8,1,Y
IDCJAC0011,85079,1969,03,20,6.1,1,Y
IDCJAC0011,85079,1969,03,21,4.7,1,Y
IDCJAC0011,85079,1969,03,22,1.8,1,Y
IDCJAC0011,85079,1969,03,23,5.3,1,Y
IDCJAC0011,85079,1969,03,24,10.6,1,Y
IDCJAC0011,85079,1969,03,25,13.9,1,Y
IDCJAC0011,85079,1969,03,26,14.4,1,Y
IDCJAC0011,85079,1969,03,27,10.0,1,Y
IDCJAC0011,85079,1969,03,28,8.3,1,Y
IDCJAC0011,85079,1969,03,29,7.2,1,Y
IDCJAC0011,85079,1969,03,30,10.3,1,Y
IDCJAC0011,85079,1969,03,31,7.2,1,Y
IDCJAC0011,85079,1969,04,01,4.4,1,Y
IDCJAC0011,85079,1969,04,02,7.2,1,Y
IDCJAC0011,85079,1969,04,03,7.8,1,Y
IDCJAC0011,85079,1969,04,04,6.1,1,Y
IDCJAC0011,85079,1969,04,05,11.7,1,Y
IDCJAC0011,85079,1969,04,06,5.0,1,Y
IDCJAC0011,85079,1969,04,07,6.9,1,Y
IDCJAC0011,85079,1969,04,08,11.1,1,Y
IDCJAC0011,85079,1969,04,09,15.0,1,Y
IDCJAC0011,85079,1969,04,10,17.0,1,Y
IDCJAC0011,85079,1969,04,11,12.2,1,Y
IDCJAC0011,85079,1969,04,12,6.7,1,Y
IDCJAC0011,85079,1969,04,13,4.4,1,Y
IDCJAC0011,85079,1969,04,14,1.4,1,Y
IDCJAC0011,85079,1969,04,15,5.0,1,Y
IDCJAC0011,85079,1969,04,16,8.9,1,Y
IDCJAC0011,85079,1969,04,17,7.5,1,Y
IDCJAC0011,85079,1969,04,18,7.8,1,Y
IDCJAC0011,85079,1969,04,19,5.8,1,Y
IDCJAC0011,85079,1969,04,20,5.0,1,Y
IDCJAC0011,85079,1969,04,21,4.8,1,Y
IDCJAC0011,85079,1969,04,22,5.3,1,Y
IDCJAC0011,85079,1969,04,23,0.0,1,Y
IDCJAC0011,85079,1969,04,24,1.9,1,Y
IDCJAC0011,85079,1969,04,25,3.6,1,Y
IDCJAC0011,85079,1969,04,26,7.8,1,Y
IDCJAC0011,85079,1969,04,27,6.7,1,Y
IDCJAC0011,85079,1969,04,28,5.6,1,Y
IDCJAC0011,85079,1969,04,29,7.8,1,Y
IDCJAC0011,85079,1969,04,30,9.4,1,Y
IDCJAC0011,85079,1969,05,01,7.8,1,Y
IDCJAC0011,85079,1969,05,02,2.2,1,Y
IDCJAC0011,85079,1969,05,03,-0.3,1,Y
IDCJAC0011,85079,1969,05,04,-0.8,1,Y
IDCJAC0011,85079,1969,05,05,2.2,1,Y
IDCJAC0011,85079,1969,05,06,3.9,1,Y
IDCJAC0011,85079,1969,05,07,0.6,1,Y
IDCJAC0011,85079,1969,05,08,1.7,1,Y
IDCJAC0011,85079,1969,05,09,5.0,1,Y
IDCJAC0011,85079,1969,05,10,8.3,1,Y
IDCJAC0011,85079,1969,05,11,10.3,1,Y
IDCJAC0011,85079,1969,05,12,10.8,1,Y
IDCJAC0011,85079,1969,05,13,7.2,1,Y
IDCJAC0011,85079,1969,05,14,6.1,1,Y
IDCJAC0011,85079,1969,05,15,7.2,1,Y
IDCJAC0011,85079,1969,05,16,6.8,1,Y
IDCJAC0011,85079,1969,05,17,6.1,1,Y
IDCJAC0011,85079,1969,05,18,5.2,1,Y
IDCJAC0011,85079,1969,05,19,0.8,1,Y
IDCJAC0011,85079,1969,05,20,2.2,1,Y
IDCJAC0011,85079,1969,05,21,5.0,1,Y
IDCJAC0011,85079,1969,05,22,2.8,1,Y
IDCJAC0011,85079,1969,05,23,0.6,1,Y
IDCJAC0011,85079,1969,05,24,3.3,1,Y
IDCJAC0011,85079,1969,05,25,-0.3,1,Y
IDCJAC0011,85079,1969,05,26,0.6,1,Y
IDCJAC0011,85079,1969,05,27,0.3,1,Y
IDCJAC0011,85079,1969,05,28,1.1,1,Y
IDCJAC0011,85079,1969,05,29,3.1,1,Y
IDCJAC0011,85079,1969,05,30,6.1,1,Y
IDCJAC0011,85079,1969,05,31,1.1,1,Y
IDCJAC0011,85079,1969,06,01,0.0,1,Y
IDCJAC0011,85079,1969,06,02,4.2,1,Y
IDCJAC0011,85079,1969,06,03,1.4,1,Y
IDCJAC0011,85079,1969,06,04,0.3,1,Y
IDCJAC0011,85079,1969,06,05,0.3,1,Y
IDCJAC0011,85079,1969,06,06,-0.6,1,Y
IDCJAC0011,85079,1969,06,07,-2.2,1,Y
IDCJAC0011,85079,1969,06,08,-1.1,1,Y
IDCJAC0011,85079,1969,06,09,1.1,1,Y
IDCJAC0011,85079,1969,06,10,0.0,1,Y
IDCJAC0011,85079,1969,06,11,0.0,1,Y
IDCJAC0011,85079,1969,06,12,0.6,1,Y
IDCJAC0011,85079,1969,06,13,2.2,1,Y
IDCJAC0011,85079,1969,06,14,1.1,1,Y
IDCJAC0011,85079,1969,06,15,1.4,1,Y
IDCJAC0011,85079,1969,06,16,-4.4,1,Y
IDCJAC0011,85079,1969,06,17,-3.9,1,Y
IDCJAC0011,85079,1969,06,18,-1.3,1,Y
IDCJAC0011,85079,1969,06,19,4.4,1,Y
IDCJAC0011,85079,1969,06,20,6.8,1,Y
IDCJAC0011,85079,1969,06,21,1.7,1,Y
IDCJAC0011,85079,1969,06,22,2.3,1,Y
IDCJAC0011,85079,1969,06,23,4.1,1,Y
IDCJAC0011,85079,1969,06,24,4.4,1,Y
IDCJAC0011,85079,1969,06,25,5.0,1,Y
IDCJAC0011,85079,1969,06,26,1.9,1,Y
IDCJAC0011,85079,1969,06,27,-0.8,1,Y
IDCJAC0011,85079,1969,06,28,-0.6,1,Y
IDCJAC0011,85079,1969,06,29,2.8,1,Y
IDCJAC0011,85079,1969,06,30,4.2,1,Y
IDCJAC0011,85079,1969,07,01,1.3,1,Y
IDCJAC0011,85079,1969,07,02,2.2,1,Y
IDCJAC0011,85079,1969,07,03,0.0,1,Y
IDCJAC0011,85079,1969,07,04,3.9,1,Y
IDCJAC0011,85079,1969,07,05,0.0,1,Y
IDCJAC0011,85079,1969,07,06,2.8,1,Y
IDCJAC0011,85079,1969,07,07,1.9,1,Y
IDCJAC0011,85079,1969,07,08,-1.1,1,Y
IDCJAC0011,85079,1969,07,09,0.0,1,Y
IDCJAC0011,85079,1969,07,10,-1.1,1,Y
IDCJAC0011,85079,1969,07,11,0.6,1,Y
IDCJAC0011,85079,1969,07,12,5.3,1,Y
IDCJAC0011,85079,1969,07,13,5.0,1,Y
IDCJAC0011,85079,1969,07,14,0.3,1,Y
IDCJAC0011,85079,1969,07,15,0.6,1,Y
IDCJAC0011,85079,1969,07,16,0.8,1,Y
IDCJAC0011,85079,1969,07,17,-0.3,1,Y
IDCJAC0011,85079,1969,07,18,1.4,1,Y
IDCJAC0011,85079,1969,07,19,4.7,1,Y
IDCJAC0011,85079,1969,07,20,3.9,1,Y
IDCJAC0011,85079,1969,07,21,0.8,1,Y
IDCJAC0011,85079,1969,07,22,0.8,1,Y
IDCJAC0011,85079,1969,07,23,-0.6,1,Y
IDCJAC0011,85079,1969,07,24,0.3,1,Y
IDCJAC0011,85079,1969,07,25,2.2,1,Y
IDCJAC0011,85079,1969,07,26,0.6,1,Y
IDCJAC0011,85079,1969,07,27,1.1,1,Y
IDCJAC0011,85079,1969,07,28,4.4,1,Y
IDCJAC0011,85079,1969,07,29,2.5,1,Y
IDCJAC0011,85079,1969,07,30,3.9,1,Y
IDCJAC0011,85079,1969,07,31,2.5,1,Y
IDCJAC0011,85079,1969,08,01,5.3,1,Y
IDCJAC0011,85079,1969,08,02,5.0,1,Y
IDCJAC0011,85079,1969,08,03,6.1,1,Y
IDCJAC0011,85079,1969,08,04,1.7,1,Y
IDCJAC0011,85079,1969,08,05,2.8,1,Y
IDCJAC0011,85079,1969,08,06,2.6,1,Y
IDCJAC0011,85079,1969,08,07,3.9,1,Y
IDCJAC0011,85079,1969,08,08,0.6,1,Y
IDCJAC0011,85079,1969,08,09,0.0,1,Y
IDCJAC0011,85079,1969,08,10,1.4,1,Y
IDCJAC0011,85079,1969,08,11,1.1,1,Y
IDCJAC0011,85079,1969,08,12,2.5,1,Y
IDCJAC0011,85079,1969,08,13,1.7,1,Y
IDCJAC0011,85079,1969,08,14,0.0,1,Y
IDCJAC0011,85079,1969,08,15,-2.2,1,Y
IDCJAC0011,85079,1969,08,16,0.3,1,Y
IDCJAC0011,85079,1969,08,17,-1.1,1,Y
IDCJAC0011,85079,1969,08,18,-0.6,1,Y
IDCJAC0011,85079,1969,08,19,-1.1,1,Y
IDCJAC0011,85079,1969,08,20,1.4,1,Y
IDCJAC0011,85079,1969,08,21,0.8,1,Y
IDCJAC0011,85079,1969,08,22,0.6,1,Y
IDCJAC0011,85079,1969,08,23,0.0,1,Y
IDCJAC0011,85079,1969,08,24,1.9,1,Y
IDCJAC0011,85079,1969,08,25,4.7,1,Y
IDCJAC0011,85079,1969,08,26,6.1,1,Y
IDCJAC0011,85079,1969,08,27,7.2,1,Y
IDCJAC0011,85079,1969,08,28,10.0,1,Y
IDCJAC0011,85079,1969,08,29,7.8,1,Y
IDCJAC0011,85079,1969,08,30,7.2,1,Y
IDCJAC0011,85079,1969,08,31,6.7,1,Y
IDCJAC0011,85079,1969,09,01,7.8,1,Y
IDCJAC0011,85079,1969,09,02,7.2,1,Y
IDCJAC0011,85079,1969,09,03,6.1,1,Y
IDCJAC0011,85079,1969,09,04,4.4,1,Y
IDCJAC0011,85079,1969,09,05,2.2,1,Y
IDCJAC0011,85079,1969,09,06,2.5,1,Y
IDCJAC0011,85079,1969,09,07,0.0,1,Y
IDCJAC0011,85079,1969,09,08,0.6,1,Y
IDCJAC0011,85079,1969,09,09,2.3,1,Y
IDCJAC0011,85079,1969,09,10,4.7,1,Y
IDCJAC0011,85079,1969,09,11,-1.4,1,Y
IDCJAC0011,85079,1969,09,12,-1.9,1,Y
IDCJAC0011,85079,1969,09,13,-0.3,1,Y
IDCJAC0011,85079,1969,09,14,0.0,1,Y
IDCJAC0011,85079,1969,09,15,-0.6,1,Y
IDCJAC0011,85079,1969,09,16,0.6,1,Y
IDCJAC0011,85079,1969,09,17,0.6,1,Y
IDCJAC0011,85079,1969,09,18,-0.3,1,Y
IDCJAC0011,85079,1969,09,19,-1.1,1,Y
IDCJAC0011,85079,1969,09,20,3.1,1,Y
IDCJAC0011,85079,1969,09,21,4.2,1,Y
IDCJAC0011,85079,1969,09,22,-0.3,1,Y
IDCJAC0011,85079,1969,09,23,0.3,1,Y
IDCJAC0011,85079,1969,09,24,-0.3,1,Y
IDCJAC0011,85079,1969,09,25,1.1,1,Y
IDCJAC0011,85079,1969,09,26,1.1,1,Y
IDCJAC0011,85079,1969,09,27,1.9,1,Y
IDCJAC0011,85079,1969,09,28,6.1,1,Y
IDCJAC0011,85079,1969,09,29,2.2,1,Y
IDCJAC0011,85079,1969,09,30,0.3,1,Y
IDCJAC0011,85079,1969,10,01,2.2,1,Y
IDCJAC0011,85079,1969,10,02,5.6,1,Y
IDCJAC0011,85079,1969,10,03,6.9,1,Y
IDCJAC0011,85079,1969,10,04,7.2,1,Y
IDCJAC0011,85079,1969,10,05,-0.6,1,Y
IDCJAC0011,85079,1969,10,06,4.7,1,Y
IDCJAC0011,85079,1969,10,07,-1.1,1,Y
IDCJAC0011,85079,1969,10,08,1.1,1,Y
IDCJAC0011,85079,1969,10,09,1.7,1,Y
IDCJAC0011,85079,1969,10,10,6.4,1,Y
IDCJAC0011,85079,1969,10,11,6.9,1,Y
IDCJAC0011,85079,1969,10,12,7.2,1,Y
IDCJAC0011,85079,1969,10,13,7.8,1,Y
IDCJAC0011,85079,1969,10,14,11.7,1,Y
IDCJAC0011,85079,1969,10,15,5.6,1,Y
IDCJAC0011,85079,1969,10,16,1.9,1,Y
IDCJAC0011,85079,1969,10,17,0.6,1,Y
IDCJAC0011,85079,1969,10,18,2.2,1,Y
IDCJAC0011,85079,1969,10,19,3.3,1,Y
IDCJAC0011,85079,1969,10,20,8.1,1,Y
IDCJAC0011,85079,1969,10,21,6.4,1,Y
IDCJAC0011,85079,1969,10,22,3.9,1,Y
IDCJAC0011,85079,1969,10,23,1.9,1,Y
IDCJAC0011,85079,1969,10,24,3.6,1,Y
IDCJAC0011,85079,1969,10,25,11.1,1,Y
IDCJAC0011,85079,1969,10,26,9.4,1,Y
IDCJAC0011,85079,1969,10,27,2.8,1,Y
IDCJAC0011,85079,1969,10,28,9.2,1,Y
IDCJAC0011,85079,1969,10,29,11.4,1,Y
IDCJAC0011,85079,1969,10,30,9.7,1,Y
IDCJAC0011,85079,1969,10,31,8.6,1,Y
IDCJAC0011,85079,1969,11,01,8.9,1,Y
IDCJAC0011,85079,1969,11,02,10.0,1,Y
IDCJAC0011,85079,1969,11,03,8.3,1,Y
IDCJAC0011,85079,1969,11,04,10.6,1,Y
IDCJAC0011,85079,1969,11,05,17.2,1,Y
IDCJAC0011,85079,1969,11,06,7.8,1,Y
IDCJAC0011,85079,1969,11,07,6.7,1,Y
IDCJAC0011,85079,1969,11,08,1.4,1,Y
IDCJAC0011,85079,1969,11,09,5.3,1,Y
IDCJAC0011,85079,1969,11,10,3.6,1,Y
IDCJAC0011,85079,1969,11,11,1.7,1,Y
IDCJAC0011,85079,1969,11,12,3.6,1,Y
IDCJAC0011,85079,1969,11,13,6.7,1,Y
IDCJAC0011,85079,1969,11,14,6.1,1,Y
IDCJAC0011,85079,1969,11,15,8.3,1,Y
IDCJAC0011,85079,1969,11,16,8.3,1,Y
IDCJAC0011,85079,1969,11,17,10.8,1,Y
IDCJAC0011,85079,1969,11,18,7.8,1,Y
IDCJAC0011,85079,1969,11,19,6.9,1,Y
IDCJAC0011,85079,1969,11,20,4.2,1,Y
IDCJAC0011,85079,1969,11,21,4.4,1,Y
IDCJAC0011,85079,1969,11,22,1.7,1,Y
IDCJAC0011,85079,1969,11,23,7.8,1,Y
IDCJAC0011,85079,1969,11,24,14.4,1,Y
IDCJAC0011,85079,1969,11,25,3.6,1,Y
IDCJAC0011,85079,1969,11,26,0.0,1,Y
IDCJAC0011,85079,1969,11,27,3.1,1,Y
IDCJAC0011,85079,1969,11,28,4.2,1,Y
IDCJAC0011,85079,1969,11,29,5.3,1,Y
IDCJAC0011,85079,1969,11,30,2.2,1,Y
IDCJAC0011,85079,1969,12,01,9.0,1,Y
IDCJAC0011,85079,1969,12,02,4.2,1,Y
IDCJAC0011,85079,1969,12,03,3.9,1,Y
IDCJAC0011,85079,1969,12,04,4.4,1,Y
IDCJAC0011,85079,1969,12,05,5.2,1,Y
IDCJAC0011,85079,1969,12,06,4.7,1,Y
IDCJAC0011,85079,1969,12,07,5.0,1,Y
IDCJAC0011,85079,1969,12,08,3.3,1,Y
IDCJAC0011,85079,1969,12,09,2.5,1,Y
IDCJAC0011,85079,1969,12,10,9.2,1,Y
IDCJAC0011,85079,1969,12,11,12.2,1,Y
IDCJAC0011,85079,1969,12,12,14.2,1,Y
IDCJAC0011,85079,1969,12,13,10.0,1,Y
IDCJAC0011,85079,1969,12,14,8.1,1,Y
IDCJAC0011,85079,1969,12,15,5.7,1,Y
IDCJAC0011,85079,1969,12,16,5.0,1,Y
IDCJAC0011,85079,1969,12,17,5.8,1,Y
IDCJAC0011,85079,1969,12,18,8.3,1,Y
IDCJAC0011,85079,1969,12,19,9.7,1,Y
IDCJAC0011,85079,1969,12,20,8.6,1,Y
IDCJAC0011,85079,1969,12,21,7.3,1,Y
IDCJAC0011,85079,1969,12,22,11.8,1,Y
IDCJAC0011,85079,1969,12,23,5.8,1,Y
IDCJAC0011,85079,1969,12,24,3.6,1,Y
IDCJAC0011,85079,1969,12,25,5.6,1,Y
IDCJAC0011,85079,1969,12,26,1.1,1,Y
IDCJAC0011,85079,1969,12,27,6.9,1,Y
IDCJAC0011,85079,1969,12,28,10.8,1,Y
IDCJAC0011,85079,1969,12,29,17.6,1,Y
IDCJAC0011,85079,1969,12,30,3.1,1,Y
IDCJAC0011,85079,1969,12,31,,,
IDCJAC0011,85079,1970,01,01,1.7,1,Y
IDCJAC0011,85079,1970,01,02,4.2,1,Y
IDCJAC0011,85079,1970,01,03,6.7,1,Y
IDCJAC0011,85079,1970,01,04,8.3,1,Y
IDCJAC0011,85079,1970,01,05,8.6,1,Y
IDCJAC0011,85079,1970,01,06,10.3,1,Y
IDCJAC0011,85079,1970,01,07,7.5,1,Y
IDCJAC0011,85079,1970,01,08,10.8,1,Y
IDCJAC0011,85079,1970,01,09,13.3,1,Y
IDCJAC0011,85079,1970,01,10,13.9,1,Y
IDCJAC0011,85079,1970,01,11,13.3,1,Y
IDCJAC0011,85079,1970,01,12,8.6,1,Y
IDCJAC0011,85079,1970,01,13,6.4,1,Y
IDCJAC0011,85079,1970,01,14,8.6,1,Y
IDCJAC0011,85079,1970,01,15,5.0,1,Y
IDCJAC0011,85079,1970,01,16,10.8,1,Y
IDCJAC0011,85079,1970,01,17,12.8,1,Y
IDCJAC0011,85079,1970,01,18,5.6,1,Y
IDCJAC0011,85079,1970,01,19,5.8,1,Y
IDCJAC0011,85079,1970,01,20,8.3,1,Y
IDCJAC0011,85079,1970,01,21,7.8,1,Y
IDCJAC0011,85079,1970,01,22,3.3,1,Y
IDCJAC0011,85079,1970,01,23,12.2,1,Y
IDCJAC0011,85079,1970,01,24,11.1,1,Y
IDCJAC0011,85079,1970,01,25,8.3,1,Y
IDCJAC0011,85079,1970,01,26,7.2,1,Y
IDCJAC0011,85079,1970,01,27,5.8,1,Y
IDCJAC0011,85079,1970,01,28,4.4,1,Y
IDCJAC0011,85079,1970,01,29,11.1,1,Y
IDCJAC0011,85079,1970,01,30,8.9,1,Y
IDCJAC0011,85079,1970,01,31,12.8,1,Y
IDCJAC0011,85079,1970,02,01,,,
IDCJAC0011,85079,1970,02,02,,,
IDCJAC0011,85079,1970,02,03,,,
IDCJAC0011,85079,1970,02,04,,,
IDCJAC0011,85079,1970,02,05,,,
IDCJAC0011,85079,1970,02,06,,,
IDCJAC0011,85079,1970,02,07,,,
IDCJAC0011,85079,1970,02,08,,,
IDCJAC0011,85079,1970,02,09,,,
IDCJAC0011,85079,1970,02,10,,,
IDCJAC0011,85079,1970,02,11,,,
IDCJAC0011,85079,1970,02,12,,,
IDCJAC0011,85079,1970,02,13,,,
IDCJAC0011,85079,1970,02,14,,,
IDCJAC0011,85079,1970,02,15,,,
IDCJAC0011,85079,1970,02,16,,,
IDCJAC0011,85079,1970,02,17,,,
IDCJAC0011,85079,1970,02,18,,,
IDCJAC0011,85079,1970,02,19,,,
IDCJAC0011,85079,1970,02,20,,,
IDCJAC0011,85079,1970,02,21,,,
IDCJAC0011,85079,1970,02,22,,,
IDCJAC0011,85079,1970,02,23,,,
IDCJAC0011,85079,1970,02,24,,,
IDCJAC0011,85079,1970,02,25,,,
IDCJAC0011,85079,1970,02,26,,,
IDCJAC0011,85079,1970,02,27,,,
IDCJAC0011,85079,1970,02,28,,,
IDCJAC0011,85079,1970,03,01,,,
IDCJAC0011,85079,1970,03,02,,,
IDCJAC0011,85079,1970,03,03,,,
IDCJAC0011,85079,1970,03,04,,,
IDCJAC0011,85079,1970,03,05,,,
IDCJAC0011,85079,1970,03,06,,,
IDCJAC0011,85079,1970,03,07,,,
IDCJAC0011,85079,1970,03,08,,,
IDCJAC0011,85079,1970,03,09,,,
IDCJAC0011,85079,1970,03,10,,,
IDCJAC0011,85079,1970,03,11,,,
IDCJAC0011,85079,1970,03,12,,,
IDCJAC0011,85079,1970,03,13,,,
IDCJAC0011,85079,1970,03,14,,,
IDCJAC0011,85079,1970,03,15,,,
IDCJAC0011,85079,1970,03,16,,,
IDCJAC0011,85079,1970,03,17,,,
IDCJAC0011,85079,1970,03,18,,,
IDCJAC0011,85079,1970,03,19,,,
IDCJAC0011,85079,1970,03,20,,,
IDCJAC0011,85079,1970,03,21,,,
IDCJAC0011,85079,1970,03,22,,,
IDCJAC0011,85079,1970,03,23,,,
IDCJAC0011,85079,1970,03,24,,,
IDCJAC0011,85079,1970,03,25,,,
IDCJAC0011,85079,1970,03,26,,,
IDCJAC0011,85079,1970,03,27,,,
IDCJAC0011,85079,1970,03,28,,,
IDCJAC0011,85079,1970,03,29,,,
IDCJAC0011,85079,1970,03,30,,,
IDCJAC0011,85079,1970,03,31,,,
IDCJAC0011,85079,1970,04,01,,,
IDCJAC0011,85079,1970,04,02,,,
IDCJAC0011,85079,1970,04,03,,,
IDCJAC0011,85079,1970,04,04,,,
IDCJAC0011,85079,1970,04,05,,,
IDCJAC0011,85079,1970,04,06,,,
IDCJAC0011,85079,1970,04,07,,,
IDCJAC0011,85079,1970,04,08,,,
IDCJAC0011,85079,1970,04,09,,,
IDCJAC0011,85079,1970,04,10,,,
IDCJAC0011,85079,1970,04,11,,,
IDCJAC0011,85079,1970,04,12,,,
IDCJAC0011,85079,1970,04,13,,,
IDCJAC0011,85079,1970,04,14,,,
IDCJAC0011,85079,1970,04,15,,,
IDCJAC0011,85079,1970,04,16,,,
IDCJAC0011,85079,1970,04,17,,,
IDCJAC0011,85079,1970,04,18,,,
IDCJAC0011,85079,1970,04,19,,,
IDCJAC0011,85079,1970,04,20,,,
IDCJAC0011,85079,1970,04,21,,,
IDCJAC0011,85079,1970,04,22,,,
IDCJAC0011,85079,1970,04,23,,,
IDCJAC0011,85079,1970,04,24,,,
IDCJAC0011,85079,1970,04,25,,,
IDCJAC0011,85079,1970,04,26,,,
IDCJAC0011,85079,1970,04,27,,,
IDCJAC0011,85079,1970,04,28,,,
IDCJAC0011,85079,1970,04,29,,,
IDCJAC0011,85079,1970,04,30,,,
IDCJAC0011,85079,1970,05,01,,,
IDCJAC0011,85079,1970,05,02,,,
IDCJAC0011,85079,1970,05,03,,,
IDCJAC0011,85079,1970,05,04,,,
IDCJAC0011,85079,1970,05,05,,,
IDCJAC0011,85079,1970,05,06,,,
IDCJAC0011,85079,1970,05,07,,,
IDCJAC0011,85079,1970,05,08,,,
IDCJAC0011,85079,1970,05,09,,,
IDCJAC0011,85079,1970,05,10,,,
IDCJAC0011,85079,1970,05,11,,,
IDCJAC0011,85079,1970,05,12,,,
IDCJAC0011,85079,1970,05,13,,,
IDCJAC0011,85079,1970,05,14,,,
IDCJAC0011,85079,1970,05,15,,,
IDCJAC0011,85079,1970,05,16,,,
IDCJAC0011,85079,1970,05,17,,,
IDCJAC0011,85079,1970,05,18,,,
IDCJAC0011,85079,1970,05,19,,,
IDCJAC0011,85079,1970,05,20,,,
IDCJAC0011,85079,1970,05,21,,,
IDCJAC0011,85079,1970,05,22,,,
IDCJAC0011,85079,1970,05,23,,,
IDCJAC0011,85079,1970,05,24,,,
IDCJAC0011,85079,1970,05,25,,,
IDCJAC0011,85079,1970,05,26,,,
IDCJAC0011,85079,1970,05,27,,,
IDCJAC0011,85079,1970,05,28,,,
IDCJAC0011,85079,1970,05,29,,,
IDCJAC0011,85079,1970,05,30,,,
IDCJAC0011,85079,1970,05,31,,,
IDCJAC0011,85079,1970,06,01,,,
IDCJAC0011,85079,1970,06,02,,,
IDCJAC0011,85079,1970,06,03,,,
IDCJAC0011,85079,1970,06,04,,,
IDCJAC0011,85079,1970,06,05,,,
IDCJAC0011,85079,1970,06,06,,,
IDCJAC0011,85079,1970,06,07,,,
IDCJAC0011,85079,1970,06,08,,,
IDCJAC0011,85079,1970,06,09,,,
IDCJAC0011,85079,1970,06,10,,,
IDCJAC0011,85079,1970,06,11,,,
IDCJAC0011,85079,1970,06,12,,,
IDCJAC0011,85079,1970,06,13,,,
IDCJAC0011,85079,1970,06,14,,,
IDCJAC0011,85079,1970,06,15,,,
IDCJAC0011,85079,1970,06,16,,,
IDCJAC0011,85079,1970,06,17,,,
IDCJAC0011,85079,1970,06,18,,,
IDCJAC0011,85079,1970,06,19,,,
IDCJAC0011,85079,1970,06,20,,,
IDCJAC0011,85079,1970,06,21,,,
IDCJAC0011,85079,1970,06,22,,,
IDCJAC0011,85079,1970,06,23,,,
IDCJAC0011,85079,1970,06,24,,,
IDCJAC0011,85079,1970,06,25,,,
IDCJAC0011,85079,1970,06,26,,,
IDCJAC0011,85079,1970,06,27,,,
IDCJAC0011,85079,1970,06,28,,,
IDCJAC0011,85079,1970,06,29,,,
IDCJAC0011,85079,1970,06,30,,,
IDCJAC0011,85079,1970,07,01,,,
IDCJAC0011,85079,1970,07,02,,,
IDCJAC0011,85079,1970,07,03,,,
IDCJAC0011,85079,1970,07,04,,,
IDCJAC0011,85079,1970,07,05,,,
IDCJAC0011,85079,1970,07,06,,,
IDCJAC0011,85079,1970,07,07,,,
IDCJAC0011,85079,1970,07,08,,,
IDCJAC0011,85079,1970,07,09,,,
IDCJAC0011,85079,1970,07,10,,,
IDCJAC0011,85079,1970,07,11,,,
IDCJAC0011,85079,1970,07,12,,,
IDCJAC0011,85079,1970,07,13,,,
IDCJAC0011,85079,1970,07,14,,,
IDCJAC0011,85079,1970,07,15,,,
IDCJAC0011,85079,1970,07,16,,,
IDCJAC0011,85079,1970,07,17,,,
IDCJAC0011,85079,1970,07,18,,,
IDCJAC0011,85079,1970,07,19,,,
IDCJAC0011,85079,1970,07,20,,,
IDCJAC0011,85079,1970,07,21,,,
IDCJAC0011,85079,1970,07,22,,,
IDCJAC0011,85079,1970,07,23,,,
IDCJAC0011,85079,1970,07,24,,,
IDCJAC0011,85079,1970,07,25,,,
IDCJAC0011,85079,1970,07,26,,,
IDCJAC0011,85079,1970,07,27,,,
IDCJAC0011,85079,1970,07,28,,,
IDCJAC0011,85079,1970,07,29,,,
IDCJAC0011,85079,1970,07,30,,,
IDCJAC0011,85079,1970,07,31,,,
IDCJAC0011,85079,1970,08,01,,,
IDCJAC0011,85079,1970,08,02,,,
IDCJAC0011,85079,1970,08,03,,,
IDCJAC0011,85079,1970,08,04,,,
IDCJAC0011,85079,1970,08,05,,,
IDCJAC0011,85079,1970,08,06,,,
IDCJAC0011,85079,1970,08,07,,,
IDCJAC0011,85079,1970,08,08,,,
IDCJAC0011,85079,1970,08,09,,,
IDCJAC0011,85079,1970,08,10,,,
IDCJAC0011,85079,1970,08,11,,,
IDCJAC0011,85079,1970,08,12,,,
IDCJAC0011,85079,1970,08,13,,,
IDCJAC0011,85079,1970,08,14,,,
IDCJAC0011,85079,1970,08,15,,,
IDCJAC0011,85079,1970,08,16,,,
IDCJAC0011,85079,1970,08,17,,,
IDCJAC0011,85079,1970,08,18,,,
IDCJAC0011,85079,1970,08,19,,,
IDCJAC0011,85079,1970,08,20,,,
IDCJAC0011,85079,1970,08,21,,,
IDCJAC0011,85079,1970,08,22,,,
IDCJAC0011,85079,1970,08,23,,,
IDCJAC0011,85079,1970,08,24,,,
IDCJAC0011,85079,1970,08,25,,,
IDCJAC0011,85079,1970,08,26,,,
IDCJAC0011,85079,1970,08,27,,,
IDCJAC0011,85079,1970,08,28,,,
IDCJAC0011,85079,1970,08,29,,,
IDCJAC0011,85079,1970,08,30,,,
IDCJAC0011,85079,1970,08,31,,,
IDCJAC0011,85079,1970,09,01,,,
IDCJAC0011,85079,1970,09,02,2.8,1,Y
IDCJAC0011,85079,1970,09,03,2.8,1,Y
IDCJAC0011,85079,1970,09,04,4.4,1,Y
IDCJAC0011,85079,1970,09,05,3.9,1,Y
IDCJAC0011,85079,1970,09,06,3.1,1,Y
IDCJAC0011,85079,1970,09,07,3.9,1,Y
IDCJAC0011,85079,1970,09,08,6.1,1,Y
IDCJAC0011,85079,1970,09,09,6.1,1,Y
IDCJAC0011,85079,1970,09,10,-0.3,1,Y
IDCJAC0011,85079,1970,09,11,0.3,1,Y
IDCJAC0011,85079,1970,09,12,1.4,1,Y
IDCJAC0011,85079,1970,09,13,2.6,1,Y
IDCJAC0011,85079,1970,09,14,3.9,1,Y
IDCJAC0011,85079,1970,09,15,0.6,1,Y
IDCJAC0011,85079,1970,09,16,0.0,1,Y
IDCJAC0011,85079,1970,09,17,2.8,1,Y
IDCJAC0011,85079,1970,09,18,3.9,1,Y
IDCJAC0011,85079,1970,09,19,-0.6,1,Y
IDCJAC0011,85079,1970,09,20,-3.9,1,Y
IDCJAC0011,85079,1970,09,21,-0.3,1,Y
IDCJAC0011,85079,1970,09,22,5.0,1,Y
IDCJAC0011,85079,1970,09,23,5.6,1,Y
IDCJAC0011,85079,1970,09,24,2.2,1,Y
IDCJAC0011,85079,1970,09,25,-3.0,1,Y
IDCJAC0011,85079,1970,09,26,-3.6,1,Y
IDCJAC0011,85079,1970,09,27,1.7,1,Y
IDCJAC0011,85079,1970,09,28,4.4,1,Y
IDCJAC0011,85079,1970,09,29,3.9,1,Y
IDCJAC0011,85079,1970,09,30,-0.8,1,Y
IDCJAC0011,85079,1970,10,01,3.1,1,Y
IDCJAC0011,85079,1970,10,02,6.7,1,Y
IDCJAC0011,85079,1970,10,03,5.6,1,Y
IDCJAC0011,85079,1970,10,04,10.0,1,Y
IDCJAC0011,85079,1970,10,05,18.3,1,Y
IDCJAC0011,85079,1970,10,06,4.4,1,Y
IDCJAC0011,85079,1970,10,07,8.6,1,Y
IDCJAC0011,85079,1970,10,08,8.1,1,Y
IDCJAC0011,85079,1970,10,09,2.8,1,Y
IDCJAC0011,85079,1970,10,10,0.3,1,Y
IDCJAC0011,85079,1970,10,11,7.2,1,Y
IDCJAC0011,85079,1970,10,12,6.7,1,Y
IDCJAC0011,85079,1970,10,13,3.3,1,Y
IDCJAC0011,85079,1970,10,14,0.0,1,Y
IDCJAC0011,85079,1970,10,15,-0.6,1,Y
IDCJAC0011,85079,1970,10,16,3.1,1,Y
IDCJAC0011,85079,1970,10,17,7.5,1,Y
IDCJAC0011,85079,1970,10,18,3.3,1,Y
IDCJAC0011,85079,1970,10,19,6.4,1,Y
IDCJAC0011,85079,1970,10,20,3.1,1,Y
IDCJAC0011,85079,1970,10,21,0.3,1,Y
IDCJAC0011,85079,1970,10,22,2.5,1,Y
IDCJAC0011,85079,1970,10,23,-1.7,1,Y
IDCJAC0011,85079,1970,10,24,4.4,1,Y
IDCJAC0011,85079,1970,10,25,3.9,1,Y
IDCJAC0011,85079,1970,10,26,1.1,1,Y
IDCJAC0011,85079,1970,10,27,3.9,1,Y
IDCJAC0011,85079,1970,10,28,9.4,1,Y
IDCJAC0011,85079,1970,10,29,4.4,1,Y
IDCJAC0011,85079,1970,10,30,1.7,1,Y
IDCJAC0011,85079,1970,10,31,3.6,1,Y
IDCJAC0011,85079,1970,11,01,3.9,1,Y
IDCJAC0011,85079,1970,11,02,2.8,1,Y
IDCJAC0011,85079,1970,11,03,-1.7,1,Y
IDCJAC0011,85079,1970,11,04,0.3,1,Y
IDCJAC0011,85079,1970,11,05,7.2,1,Y
IDCJAC0011,85079,1970,11,06,6.7,1,Y
IDCJAC0011,85079,1970,11,07,2.5,1,Y
IDCJAC0011,85079,1970,11,08,6.1,1,Y
IDCJAC0011,85079,1970,11,09,9.4,1,Y
IDCJAC0011,85079,1970,11,10,11.9,1,Y
IDCJAC0011,85079,1970,11,11,11.4,1,Y
IDCJAC0011,85079,1970,11,12,9.4,1,Y
IDCJAC0011,85079,1970,11,13,6.9,1,Y
IDCJAC0011,85079,1970,11,14,3.3,1,Y
IDCJAC0011,85079,1970,11,15,8.3,1,Y
IDCJAC0011,85079,1970,11,16,3.9,1,Y
IDCJAC0011,85079,1970,11,17,4.7,1,Y
IDCJAC0011,85079,1970,11,18,4.2,1,Y
IDCJAC0011,85079,1970,11,19,4.7,1,Y
IDCJAC0011,85079,1970,11,20,4.7,1,Y
IDCJAC0011,85079,1970,11,21,4.7,1,Y
IDCJAC0011,85079,1970,11,22,6.1,1,Y
IDCJAC0011,85079,1970,11,23,3.9,1,Y
IDCJAC0011,85079,1970,11,24,11.4,1,Y
IDCJAC0011,85079,1970,11,25,9.7,1,Y
IDCJAC0011,85079,1970,11,26,4.2,1,Y
IDCJAC0011,85079,1970,11,27,3.3,1,Y
IDCJAC0011,85079,1970,11,28,10.6,1,Y
IDCJAC0011,85079,1970,11,29,3.9,1,Y
IDCJAC0011,85079,1970,11,30,7.8,1,Y
IDCJAC0011,85079,1970,12,01,9.2,1,Y
IDCJAC0011,85079,1970,12,02,5.3,1,Y
IDCJAC0011,85079,1970,12,03,10.6,1,Y
IDCJAC0011,85079,1970,12,04,18.3,1,Y
IDCJAC0011,85079,1970,12,05,6.9,1,Y
IDCJAC0011,85079,1970,12,06,2.5,1,Y
IDCJAC0011,85079,1970,12,07,3.9,1,Y
IDCJAC0011,85079,1970,12,08,7.8,1,Y
IDCJAC0011,85079,1970,12,09,8.9,1,Y
IDCJAC0011,85079,1970,12,10,8.1,1,Y
IDCJAC0011,85079,1970,12,11,8.1,1,Y
IDCJAC0011,85079,1970,12,12,12.2,1,Y
IDCJAC0011,85079,1970,12,13,8.9,1,Y
IDCJAC0011,85079,1970,12,14,11.1,1,Y
IDCJAC0011,85079,1970,12,15,7.2,1,Y
IDCJAC0011,85079,1970,12,16,3.9,1,Y
IDCJAC0011,85079,1970,12,17,6.1,1,Y
IDCJAC0011,85079,1970,12,18,19.4,1,Y
IDCJAC0011,85079,1970,12,19,5.3,1,Y
IDCJAC0011,85079,1970,12,20,5.8,1,Y
IDCJAC0011,85079,1970,12,21,8.6,1,Y
IDCJAC0011,85079,1970,12,22,8.3,1,Y
IDCJAC0011,85079,1970,12,23,10.0,1,Y
IDCJAC0011,85079,1970,12,24,2.8,1,Y
IDCJAC0011,85079,1970,12,25,2.8,1,Y
IDCJAC0011,85079,1970,12,26,10.0,1,Y
IDCJAC0011,85079,1970,12,27,13.9,1,Y
IDCJAC0011,85079,1970,12,28,12.2,1,Y
IDCJAC0011,85079,1970,12,29,6.4,1,Y
IDCJAC0011,85079,1970,12,30,5.8,1,Y
IDCJAC0011,85079,1970,12,31,3.9,1,Y
IDCJAC0011,85079,1971,01,01,6.4,1,Y
IDCJAC0011,85079,1971,01,02,5.0,1,Y
IDCJAC0011,85079,1971,01,03,5.6,1,Y
IDCJAC0011,85079,1971,01,04,8.3,1,Y
IDCJAC0011,85079,1971,01,05,10.6,1,Y
IDCJAC0011,85079,1971,01,06,8.3,1,Y
IDCJAC0011,85079,1971,01,07,9.7,1,Y
IDCJAC0011,85079,1971,01,08,16.4,1,Y
IDCJAC0011,85079,1971,01,09,13.3,1,Y
IDCJAC0011,85079,1971,01,10,8.6,1,Y
IDCJAC0011,85079,1971,01,11,8.6,1,Y
IDCJAC0011,85079,1971,01,12,8.1,1,Y
IDCJAC0011,85079,1971,01,13,10.8,1,Y
IDCJAC0011,85079,1971,01,14,11.7,1,Y
IDCJAC0011,85079,1971,01,15,14.7,1,Y
IDCJAC0011,85079,1971,01,16,10.8,1,Y
IDCJAC0011,85079,1971,01,17,5.6,1,Y
IDCJAC0011,85079,1971,01,18,8.3,1,Y
IDCJAC0011,85079,1971,01,19,8.9,1,Y
IDCJAC0011,85079,1971,01,20,9.4,1,Y
IDCJAC0011,85079,1971,01,21,6.1,1,Y
IDCJAC0011,85079,1971,01,22,7.4,1,Y
IDCJAC0011,85079,1971,01,23,11.4,1,Y
IDCJAC0011,85079,1971,01,24,13.6,1,Y
IDCJAC0011,85079,1971,01,25,13.9,1,Y
IDCJAC0011,85079,1971,01,26,13.3,1,Y
IDCJAC0011,85079,1971,01,27,15.0,1,Y
IDCJAC0011,85079,1971,01,28,11.9,1,Y
IDCJAC0011,85079,1971,01,29,11.4,1,Y
IDCJAC0011,85079,1971,01,30,9.8,1,Y
IDCJAC0011,85079,1971,01,31,10.0,1,Y
IDCJAC0011,85079,1971,02,01,11.1,1,Y
IDCJAC0011,85079,1971,02,02,10.3,1,Y
IDCJAC0011,85079,1971,02,03,11.7,1,Y
IDCJAC0011,85079,1971,02,04,11.9,1,Y
IDCJAC0011,85079,1971,02,05,13.9,1,Y
IDCJAC0011,85079,1971,02,06,15.0,1,Y
IDCJAC0011,85079,1971,02,07,14.2,1,Y
IDCJAC0011,85079,1971,02,08,16.9,1,Y
IDCJAC0011,85079,1971,02,09,17.8,1,Y
IDCJAC0011,85079,1971,02,10,8.3,1,Y
IDCJAC0011,85079,1971,02,11,5.6,1,Y
IDCJAC0011,85079,1971,02,12,9.2,1,Y
IDCJAC0011,85079,1971,02,13,9.2,1,Y
IDCJAC0011,85079,1971,02,14,5.9,1,Y
IDCJAC0011,85079,1971,02,15,9.7,1,Y
IDCJAC0011,85079,1971,02,16,14.0,1,Y
IDCJAC0011,85079,1971,02,17,13.9,1,Y
IDCJAC0011,85079,1971,02,18,11.9,1,Y
IDCJAC0011,85079,1971,02,19,16.1,1,Y
IDCJAC0011,85079,1971,02,20,15.8,1,Y
IDCJAC0011,85079,1971,02,21,16.1,1,Y
IDCJAC0011,85079,1971,02,22,15.0,1,Y
IDCJAC0011,85079,1971,02,23,8.6,1,Y
IDCJAC0011,85079,1971,02,24,5.0,1,Y
IDCJAC0011,85079,1971,02,25,9.2,1,Y
IDCJAC0011,85079,1971,02,26,11.7,1,Y
IDCJAC0011,85079,1971,02,27,10.6,1,Y
IDCJAC0011,85079,1971,02,28,13.1,1,Y
IDCJAC0011,85079,1971,03,01,12.2,1,Y
IDCJAC0011,85079,1971,03,02,11.1,1,Y
IDCJAC0011,85079,1971,03,03,10.0,1,Y
IDCJAC0011,85079,1971,03,04,9.2,1,Y
IDCJAC0011,85079,1971,03,05,11.1,1,Y
IDCJAC0011,85079,1971,03,06,10.8,1,Y
IDCJAC0011,85079,1971,03,07,11.4,1,Y
IDCJAC0011,85079,1971,03,08,12.2,1,Y
IDCJAC0011,85079,1971,03,09,15.8,1,Y
IDCJAC0011,85079,1971,03,10,13.9,1,Y
IDCJAC0011,85079,1971,03,11,10.9,1,Y
IDCJAC0011,85079,1971,03,12,13.1,1,Y
IDCJAC0011,85079,1971,03,13,9.7,1,Y
IDCJAC0011,85079,1971,03,14,6.7,1,Y
IDCJAC0011,85079,1971,03,15,13.1,1,Y
IDCJAC0011,85079,1971,03,16,8.9,1,Y
IDCJAC0011,85079,1971,03,17,3.3,1,Y
IDCJAC0011,85079,1971,03,18,8.9,1,Y
IDCJAC0011,85079,1971,03,19,11.1,1,Y
IDCJAC0011,85079,1971,03,20,10.3,1,Y
IDCJAC0011,85079,1971,03,21,8.9,1,Y
IDCJAC0011,85079,1971,03,22,9.2,1,Y
IDCJAC0011,85079,1971,03,23,11.7,1,Y
IDCJAC0011,85079,1971,03,24,6.1,1,Y
IDCJAC0011,85079,1971,03,25,10.8,1,Y
IDCJAC0011,85079,1971,03,26,12.2,1,Y
IDCJAC0011,85079,1971,03,27,3.3,1,Y
IDCJAC0011,85079,1971,03,28,6.7,1,Y
IDCJAC0011,85079,1971,03,29,13.1,1,Y
IDCJAC0011,85079,1971,03,30,15.3,1,Y
IDCJAC0011,85079,1971,03,31,10.0,1,Y
IDCJAC0011,85079,1971,04,01,8.7,1,Y
IDCJAC0011,85079,1971,04,02,6.7,1,Y
IDCJAC0011,85079,1971,04,03,6.7,1,Y
IDCJAC0011,85079,1971,04,04,7.5,1,Y
IDCJAC0011,85079,1971,04,05,3.9,1,Y
IDCJAC0011,85079,1971,04,06,3.3,1,Y
IDCJAC0011,85079,1971,04,07,5.6,1,Y
IDCJAC0011,85079,1971,04,08,9.2,1,Y
IDCJAC0011,85079,1971,04,09,6.8,1,Y
IDCJAC0011,85079,1971,04,10,8.6,1,Y
IDCJAC0011,85079,1971,04,11,8.9,1,Y
IDCJAC0011,85079,1971,04,12,8.3,1,Y
IDCJAC0011,85079,1971,04,13,6.9,1,Y
IDCJAC0011,85079,1971,04,14,9.2,1,Y
IDCJAC0011,85079,1971,04,15,8.1,1,Y
IDCJAC0011,85079,1971,04,16,8.9,1,Y
IDCJAC0011,85079,1971,04,17,8.6,1,Y
IDCJAC0011,85079,1971,04,18,4.7,1,Y
IDCJAC0011,85079,1971,04,19,5.6,1,Y
IDCJAC0011,85079,1971,04,20,3.3,1,Y
IDCJAC0011,85079,1971,04,21,5.6,1,Y
IDCJAC0011,85079,1971,04,22,4.4,1,Y
IDCJAC0011,85079,1971,04,23,6.1,1,Y
IDCJAC0011,85079,1971,04,24,7.4,1,Y
IDCJAC0011,85079,1971,04,25,8.3,1,Y
IDCJAC0011,85079,1971,04,26,10.3,1,Y
IDCJAC0011,85079,1971,04,27,6.9,1,Y
IDCJAC0011,85079,1971,04,28,7.2,1,Y
IDCJAC0011,85079,1971,04,29,6.1,1,Y
IDCJAC0011,85079,1971,04,30,5.3,1,Y
IDCJAC0011,85079,1971,05,01,2.5,1,Y
IDCJAC0011,85079,1971,05,02,3.6,1,Y
IDCJAC0011,85079,1971,05,03,0.3,1,Y
IDCJAC0011,85079,1971,05,04,3.6,1,Y
IDCJAC0011,85079,1971,05,05,3.3,1,Y
IDCJAC0011,85079,1971,05,06,3.7,1,Y
IDCJAC0011,85079,1971,05,07,3.9,1,Y
IDCJAC0011,85079,1971,05,08,0.3,1,Y
IDCJAC0011,85079,1971,05,09,1.9,1,Y
IDCJAC0011,85079,1971,05,10,4.2,1,Y
IDCJAC0011,85079,1971,05,11,4.7,1,Y
IDCJAC0011,85079,1971,05,12,5.6,1,Y
IDCJAC0011,85079,1971,05,13,6.7,1,Y
IDCJAC0011,85079,1971,05,14,5.0,1,Y
IDCJAC0011,85079,1971,05,15,0.0,1,Y
IDCJAC0011,85079,1971,05,16,2.8,1,Y
IDCJAC0011,85079,1971,05,17,2.5,1,Y
IDCJAC0011,85079,1971,05,18,4.2,1,Y
IDCJAC0011,85079,1971,05,19,4.2,1,Y
IDCJAC0011,85079,1971,05,20,4.2,1,Y
IDCJAC0011,85079,1971,05,21,-1.0,1,Y
IDCJAC0011,85079,1971,05,22,2.2,1,Y
IDCJAC0011,85079,1971,05,23,1.1,1,Y
IDCJAC0011,85079,1971,05,24,3.1,1,Y
IDCJAC0011,85079,1971,05,25,5.3,1,Y
IDCJAC0011,85079,1971,05,26,4.2,1,Y
IDCJAC0011,85079,1971,05,27,3.9,1,Y
IDCJAC0011,85079,1971,05,28,3.6,1,Y
IDCJAC0011,85079,1971,05,29,2.8,1,Y
IDCJAC0011,85079,1971,05,30,3.9,1,Y
IDCJAC0011,85079,1971,05,31,4.4,1,Y
IDCJAC0011,85079,1971,06,01,2.2,1,Y
IDCJAC0011,85079,1971,06,02,2.5,1,Y
IDCJAC0011,85079,1971,06,03,3.3,1,Y
IDCJAC0011,85079,1971,06,04,6.4,1,Y
IDCJAC0011,85079,1971,06,05,2.2,1,Y
IDCJAC0011,85079,1971,06,06,-0.6,1,Y
IDCJAC0011,85079,1971,06,07,0.0,1,Y
IDCJAC0011,85079,1971,06,08,4.2,1,Y
IDCJAC0011,85079,1971,06,09,3.5,1,Y
IDCJAC0011,85079,1971,06,10,4.2,1,Y
IDCJAC0011,85079,1971,06,11,-1.7,1,Y
IDCJAC0011,85079,1971,06,12,-0.8,1,Y
IDCJAC0011,85079,1971,06,13,0.8,1,Y
IDCJAC0011,85079,1971,06,14,2.8,1,Y
IDCJAC0011,85079,1971,06,15,3.3,1,Y
IDCJAC0011,85079,1971,06,16,1.7,1,Y
IDCJAC0011,85079,1971,06,17,-0.6,1,Y
IDCJAC0011,85079,1971,06,18,0.6,1,Y
IDCJAC0011,85079,1971,06,19,2.8,1,Y
IDCJAC0011,85079,1971,06,20,1.9,1,Y
IDCJAC0011,85079,1971,06,21,2.8,1,Y
IDCJAC0011,85079,1971,06,22,0.6,1,Y
IDCJAC0011,85079,1971,06,23,0.0,1,Y
IDCJAC0011,85079,1971,06,24,0.3,1,Y
IDCJAC0011,85079,1971,06,25,-0.3,1,Y
IDCJAC0011,85079,1971,06,26,0.3,1,Y
IDCJAC0011,85079,1971,06,27,2.2,1,Y
IDCJAC0011,85079,1971,06,28,4.2,1,Y
IDCJAC0011,85079,1971,06,29,2.2,1,Y
IDCJAC0011,85079,1971,06,30,0.3,1,Y
IDCJAC0011,85079,1971,07,01,-4.4,1,Y
IDCJAC0011,85079,1971,07,02,-2.8,1,Y
IDCJAC0011,85079,1971,07,03,1.9,1,Y
IDCJAC0011,85079,1971,07,04,0.8,1,Y
IDCJAC0011,85079,1971,07,05,-1.1,1,Y
IDCJAC0011,85079,1971,07,06,-1.4,1,Y
IDCJAC0011,85079,1971,07,07,-1.7,1,Y
IDCJAC0011,85079,1971,07,08,0.3,1,Y
IDCJAC0011,85079,1971,07,09,2.8,1,Y
IDCJAC0011,85079,1971,07,10,-0.6,1,Y
IDCJAC0011,85079,1971,07,11,-1.9,1,Y
IDCJAC0011,85079,1971,07,12,-1.1,1,Y
IDCJAC0011,85079,1971,07,13,-3.3,1,Y
IDCJAC0011,85079,1971,07,14,-2.5,1,Y
IDCJAC0011,85079,1971,07,15,4.2,1,Y
IDCJAC0011,85079,1971,07,16,2.8,1,Y
IDCJAC0011,85079,1971,07,17,5.0,1,Y
IDCJAC0011,85079,1971,07,18,0.0,1,Y
IDCJAC0011,85079,1971,07,19,-0.3,1,Y
IDCJAC0011,85079,1971,07,20,1.9,1,Y
IDCJAC0011,85079,1971,07,21,2.5,1,Y
IDCJAC0011,85079,1971,07,22,0.8,1,Y
IDCJAC0011,85079,1971,07,23,0.0,1,Y
IDCJAC0011,85079,1971,07,24,0.6,1,Y
IDCJAC0011,85079,1971,07,25,2.5,1,Y
IDCJAC0011,85079,1971,07,26,-0.6,1,Y
IDCJAC0011,85079,1971,07,27,2.8,1,Y
IDCJAC0011,85079,1971,07,28,1.4,1,Y
IDCJAC0011,85079,1971,07,29,0.6,1,Y
IDCJAC0011,85079,1971,07,30,2.5,1,Y
IDCJAC0011,85079,1971,07,31,3.6,1,Y
IDCJAC0011,85079,1971,08,01,1.1,1,Y
IDCJAC0011,85079,1971,08,02,1.9,1,Y
IDCJAC0011,85079,1971,08,03,3.3,1,Y
IDCJAC0011,85079,1971,08,04,-0.8,1,Y
IDCJAC0011,85079,1971,08,05,3.3,1,Y
IDCJAC0011,85079,1971,08,06,2.2,1,Y
IDCJAC0011,85079,1971,08,07,0.8,1,Y
IDCJAC0011,85079,1971,08,08,-0.2,1,Y
IDCJAC0011,85079,1971,08,09,1.1,1,Y
IDCJAC0011,85079,1971,08,10,3.6,1,Y
IDCJAC0011,85079,1971,08,11,0.3,1,Y
IDCJAC0011,85079,1971,08,12,0.8,1,Y
IDCJAC0011,85079,1971,08,13,0.0,1,Y
IDCJAC0011,85079,1971,08,14,-1.1,1,Y
IDCJAC0011,85079,1971,08,15,1.9,1,Y
IDCJAC0011,85079,1971,08,16,-3.6,1,Y
IDCJAC0011,85079,1971,08,17,-0.4,1,Y
IDCJAC0011,85079,1971,08,18,1.1,1,Y
